fold,model,train_rows,validation_rows,mae,rmse,r2,directional_accuracy
fold_1,naive_mean,309,245,0.05466525710021565,0.06798815007649646,-0.04201704098637826,0.5306122448979592
fold_1,zero_return,309,245,0.05385622957205056,0.0666602726603138,-0.0017112333535576063,0.012244897959183673
fold_1,technical_ridge,309,245,0.0801138854434913,0.1000923744103114,-1.2584493554757286,0.5428571428571428
fold_1,treasury_ridge,309,245,0.07332449403865883,0.09264065518489879,-0.9346909865260697,0.5551020408163265
fold_1,combined_ridge,309,245,0.0904403671871425,0.1132435114671692,-1.8909130374987289,0.6081632653061224
fold_1,selected_technical_ridge,309,245,0.05665369234454699,0.07102727445660456,-0.1372571398230047,0.5591836734693878
fold_1,selected_treasury_ridge,309,245,0.06313163650725284,0.07975810638808976,-0.43402935472802384,0.5755102040816327
fold_1,selected_combined_ridge,309,245,0.065132706831212,0.08213536325560314,-0.5207882101912844,0.5102040816326531
fold_2,naive_mean,559,247,0.047426375911869975,0.05958765821721977,-0.0030488623676023785,0.562753036437247
fold_2,zero_return,559,247,0.04804466665253366,0.059811960248066294,-0.010614501080726813,0.004048582995951417
fold_2,technical_ridge,559,247,0.049030796397438285,0.06105279443733062,-0.05298102960283346,0.46963562753036436
fold_2,treasury_ridge,559,247,0.05934284448293162,0.07157035290066077,-0.44702412177870565,0.4331983805668016
fold_2,combined_ridge,559,247,0.06521455712322731,0.07762653128547825,-0.7022753648853759,0.4331983805668016
fold_2,selected_technical_ridge,559,247,0.047574477356607206,0.06085584151502398,-0.04619827109886954,0.562753036437247
fold_2,selected_treasury_ridge,559,247,0.05238640972357406,0.0639704035493356,-0.1560260865971066,0.4534412955465587
fold_2,selected_combined_ridge,559,247,0.06200500843548047,0.07509143407997537,-0.5929063754012893,0.4331983805668016
fold_3,naive_mean,811,245,0.037944391306213,0.04958493515440215,-0.04359272405339887,0.5224489795918368
fold_3,zero_return,811,245,0.037661884945541686,0.04855971721099423,-0.0008842177108572269,0.0
fold_3,technical_ridge,811,245,0.03928884056705591,0.052441353247922075,-0.16729150124701642,0.5469387755102041
fold_3,treasury_ridge,811,245,0.04445945191437228,0.05618017460276813,-0.33966963124912986,0.4775510204081633
fold_3,combined_ridge,811,245,0.06097105943493309,0.0707727468915896,-1.1260018963843161,0.46122448979591835
fold_3,selected_technical_ridge,811,245,0.04018428838645723,0.05248160944271876,-0.1690843134905753,0.5224489795918368
fold_3,selected_treasury_ridge,811,245,0.04650465405229156,0.057348752009356366,-0.3959809321343295,0.47346938775510206
fold_3,selected_combined_ridge,811,245,0.04719840983041121,0.05787735715963031,-0.4218341038556519,0.46938775510204084
