fold,model,probability_bucket,observations,mean_predicted_probability,actual_positive_rate,mean_forward_return_5,median_forward_return_5
fold_1,technical_probability,Q1_lowest,49,0.253908106756769,0.5102040816326531,0.011300706296279729,0.0007095767685636
fold_1,technical_probability,Q2,49,0.30823281236243993,0.40816326530612246,-0.01017811813137843,-0.0139062566439798
fold_1,technical_probability,Q3,49,0.3572849527368317,0.42857142857142855,-0.009812817494299351,-0.0086059203545507
fold_1,technical_probability,Q4,49,0.39337685053182003,0.3673469387755102,-0.017852509664320698,-0.0155211886470343
fold_1,technical_probability,Q5_highest,49,0.47590741932099456,0.5714285714285714,0.012766824570339327,0.0110864163746313
fold_2,technical_probability,Q1_lowest,49,0.27164023996170755,0.2653061224489796,-0.03130577378626412,-0.0369665288596012
fold_2,technical_probability,Q2,49,0.3032179940299634,0.4489795918367347,-0.007991564777190745,-0.0135302683364655
fold_2,technical_probability,Q3,50,0.3381765732429709,0.46,0.009470248355350498,-0.0024546593274322
fold_2,technical_probability,Q4,49,0.36900307601464155,0.5510204081632653,0.00550509141275921,0.0018515406709782
fold_2,technical_probability,Q5_highest,50,0.40195096918605194,0.44,-0.0066349717737550044,-0.0054347822010316505
fold_3,technical_probability,Q1_lowest,49,0.29567148486667405,0.46938775510204084,0.004105135466146582,-0.0031433242146781
fold_3,technical_probability,Q2,49,0.32473365684700584,0.3877551020408163,0.0014900939146388855,-0.0064291783717658
fold_3,technical_probability,Q3,49,0.34316328240512767,0.3673469387755102,-0.015153800291482855,-0.0183461293983353
fold_3,technical_probability,Q4,49,0.36343791690500205,0.5918367346938775,0.010349604580470297,0.0112302410035622
fold_3,technical_probability,Q5_highest,49,0.42182204756472613,0.5714285714285714,0.006425586328173217,0.0079768761782501
