feature,target,observations,pearson_corr,spearman_corr,abs_pearson_corr,abs_spearman_corr
return_1d,forward_return_1,1253,-0.03940188728104545,-0.02816298261923088,0.03940188728104545,0.02816298261923088
return_1d,forward_return_3,1251,-0.0618414452439684,-0.06262071308890808,0.0618414452439684,0.06262071308890808
return_1d,forward_return_5,1249,-0.042549554151035694,-0.06337053985166578,0.042549554151035694,0.06337053985166578
return_1d,forward_return_10,1244,-0.022511716922846457,-0.037626644596753085,0.022511716922846457,0.037626644596753085
return_1d,forward_return_20,1234,-0.010163535250460912,-0.019914184512915933,0.010163535250460912,0.019914184512915933
return_3d,forward_return_1,1251,-0.06182666630369465,-0.042597123589210945,0.06182666630369465,0.042597123589210945
return_3d,forward_return_3,1249,-0.05060654068945143,-0.03501042172231391,0.05060654068945143,0.03501042172231391
return_3d,forward_return_5,1247,-0.03513293656666713,-0.01782686708720918,0.03513293656666713,0.01782686708720918
return_3d,forward_return_10,1242,-0.017578703799583647,-0.014467555854366031,0.017578703799583647,0.014467555854366031
return_3d,forward_return_20,1232,0.01004738273990614,-0.00833265068427586,0.01004738273990614,0.00833265068427586
return_5d,forward_return_1,1249,-0.04261251722745228,-0.03989444203513307,0.04261251722745228,0.03989444203513307
return_5d,forward_return_3,1247,-0.033567804084650585,-0.004632800732617702,0.033567804084650585,0.004632800732617702
return_5d,forward_return_5,1245,-0.01662511659699537,-0.0011035570708442586,0.01662511659699537,0.0011035570708442586
return_5d,forward_return_10,1240,-0.012717197911400855,0.004081674475062847,0.012717197911400855,0.004081674475062847
return_5d,forward_return_20,1230,0.013740914696696334,0.004336730030972011,0.013740914696696334,0.004336730030972011
return_10d,forward_return_1,1244,-0.020132271743854874,-0.01927167975381125,0.020132271743854874,0.01927167975381125
return_10d,forward_return_3,1242,-0.013538662889651205,-0.004341463417460358,0.013538662889651205,0.004341463417460358
return_10d,forward_return_5,1240,-0.010762451614415986,0.006481730962766714,0.010762451614415986,0.006481730962766714
return_10d,forward_return_10,1235,0.00878703513618766,0.004816170839922178,0.00878703513618766,0.004816170839922178
return_10d,forward_return_20,1225,0.02296787731156389,0.013378594635687175,0.02296787731156389,0.013378594635687175
ema_spread_pct,forward_return_1,1254,-0.00900015610520461,-0.01250278389889117,0.00900015610520461,0.01250278389889117
ema_spread_pct,forward_return_3,1252,-6.599647120216502e-05,-0.00423697928317063,6.599647120216502e-05,0.00423697928317063
ema_spread_pct,forward_return_5,1250,0.004504703871318482,0.0005902514174928244,0.004504703871318482,0.0005902514174928244
ema_spread_pct,forward_return_10,1245,0.005934595921279115,0.0030802725781367813,0.005934595921279115,0.0030802725781367813
ema_spread_pct,forward_return_20,1235,-0.030427286039890346,-0.007304114906253232,0.030427286039890346,0.007304114906253232
close_vs_ema9,forward_return_1,1254,-0.05299850224992027,-0.028932591394795,0.05299850224992027,0.028932591394795
close_vs_ema9,forward_return_3,1252,-0.045470114404640334,-0.013875978363475662,0.045470114404640334,0.013875978363475662
close_vs_ema9,forward_return_5,1250,-0.02727750498320304,-0.003746079270879961,0.02727750498320304,0.003746079270879961
close_vs_ema9,forward_return_10,1245,-0.00866956561570644,0.0023260020903990517,0.00866956561570644,0.0023260020903990517
close_vs_ema9,forward_return_20,1235,0.008837582288262074,0.006376010173053033,0.008837582288262074,0.006376010173053033
close_vs_ema21,forward_return_1,1254,-0.03627653317198514,-0.022568496334527368,0.03627653317198514,0.022568496334527368
close_vs_ema21,forward_return_3,1252,-0.027031459960027083,-0.0034878696180899987,0.027031459960027083,0.0034878696180899987
close_vs_ema21,forward_return_5,1250,-0.013204376204878378,0.002708891479320557,0.013204376204878378,0.002708891479320557
close_vs_ema21,forward_return_10,1245,-0.0024107168217741472,0.0005780431334327349,0.0024107168217741472,0.0005780431334327349
close_vs_ema21,forward_return_20,1235,-0.01070640635363773,0.00128507519779784,0.01070640635363773,0.00128507519779784
rsi_14,forward_return_1,1240,-0.03798808809521639,-0.0373054163334636,0.03798808809521639,0.0373054163334636
rsi_14,forward_return_3,1238,-0.03861723762285072,-0.02807660999824596,0.03861723762285072,0.02807660999824596
rsi_14,forward_return_5,1236,-0.035740305432528076,-0.02648129865749974,0.035740305432528076,0.02648129865749974
rsi_14,forward_return_10,1231,-0.03502461037486902,-0.028458721347350585,0.03502461037486902,0.028458721347350585
rsi_14,forward_return_20,1221,-0.04787536999573562,-0.04081433445623368,0.04787536999573562,0.04081433445623368
rsi_centered,forward_return_1,1240,-0.03798808809521641,-0.0373054163334636,0.03798808809521641,0.0373054163334636
rsi_centered,forward_return_3,1238,-0.03861723762285071,-0.02807660999824596,0.03861723762285071,0.02807660999824596
rsi_centered,forward_return_5,1236,-0.03574030543252809,-0.02648129865749974,0.03574030543252809,0.02648129865749974
rsi_centered,forward_return_10,1231,-0.03502461037486903,-0.028458721347350585,0.03502461037486903,0.028458721347350585
rsi_centered,forward_return_20,1221,-0.04787536999573562,-0.04081433445623368,0.04787536999573562,0.04081433445623368
momentum_5d_pct,forward_return_1,1249,-0.04261251722745228,-0.03989444203513307,0.04261251722745228,0.03989444203513307
momentum_5d_pct,forward_return_3,1247,-0.033567804084650585,-0.004632800732617702,0.033567804084650585,0.004632800732617702
momentum_5d_pct,forward_return_5,1245,-0.01662511659699537,-0.0011035570708442586,0.01662511659699537,0.0011035570708442586
momentum_5d_pct,forward_return_10,1240,-0.012717197911400855,0.004081674475062847,0.012717197911400855,0.004081674475062847
momentum_5d_pct,forward_return_20,1230,0.013740914696696334,0.004336730030972011,0.013740914696696334,0.004336730030972011
momentum_10d_pct,forward_return_1,1244,-0.020132271743854874,-0.01927167975381125,0.020132271743854874,0.01927167975381125
momentum_10d_pct,forward_return_3,1242,-0.013538662889651205,-0.004341463417460358,0.013538662889651205,0.004341463417460358
momentum_10d_pct,forward_return_5,1240,-0.010762451614415986,0.006481730962766714,0.010762451614415986,0.006481730962766714
momentum_10d_pct,forward_return_10,1235,0.00878703513618766,0.004816170839922178,0.00878703513618766,0.004816170839922178
momentum_10d_pct,forward_return_20,1225,0.02296787731156389,0.013378594635687175,0.02296787731156389,0.013378594635687175
volatility_5d,forward_return_1,1249,0.0379863754350565,0.03108475529613243,0.0379863754350565,0.03108475529613243
volatility_5d,forward_return_3,1247,0.05765781923298346,0.04800725420486966,0.05765781923298346,0.04800725420486966
volatility_5d,forward_return_5,1245,0.04120771105776781,0.04245750580529331,0.04120771105776781,0.04245750580529331
volatility_5d,forward_return_10,1240,0.030456112920540228,0.03672777525238745,0.030456112920540228,0.03672777525238745
volatility_5d,forward_return_20,1230,0.05030574853404504,0.007324145696963643,0.05030574853404504,0.007324145696963643
volatility_20d,forward_return_1,1234,0.012966367170669285,-0.000559228215570217,0.012966367170669285,0.000559228215570217
volatility_20d,forward_return_3,1232,0.024335205263124004,-0.002708127270539747,0.024335205263124004,0.002708127270539747
volatility_20d,forward_return_5,1230,0.02974495926617651,0.0007345645592018571,0.02974495926617651,0.0007345645592018571
volatility_20d,forward_return_10,1225,0.035500726366333966,-0.010821666385385039,0.035500726366333966,0.010821666385385039
volatility_20d,forward_return_20,1215,0.04121867881310916,-0.05567364472318304,0.04121867881310916,0.05567364472318304
range_pct,forward_return_1,1254,-0.010754873124834377,-0.01915269815419893,0.010754873124834377,0.01915269815419893
range_pct,forward_return_3,1252,0.0065021500387446775,-0.010308961368029335,0.0065021500387446775,0.010308961368029335
range_pct,forward_return_5,1250,-0.017357122783278667,-0.01490686129516574,0.017357122783278667,0.01490686129516574
range_pct,forward_return_10,1245,-0.0186854918840235,-0.03288997244875881,0.0186854918840235,0.03288997244875881
range_pct,forward_return_20,1235,-0.020716371794075317,-0.06625375772312599,0.020716371794075317,0.06625375772312599
relative_volume,forward_return_1,1235,-0.021212605330733703,-0.004820256040458902,0.021212605330733703,0.004820256040458902
relative_volume,forward_return_3,1233,-0.02679871098343524,-0.018288957221797193,0.02679871098343524,0.018288957221797193
relative_volume,forward_return_5,1231,-0.02320570030341096,-0.016380572165415178,0.02320570030341096,0.016380572165415178
relative_volume,forward_return_10,1226,-0.043582345912352105,-0.04382681422765815,0.043582345912352105,0.04382681422765815
relative_volume,forward_return_20,1216,0.023365475819391572,0.03872554482977899,0.023365475819391572,0.03872554482977899
log_volume,forward_return_1,1254,0.03642675763642073,0.04625070913535457,0.03642675763642073,0.04625070913535457
log_volume,forward_return_3,1252,0.06913856178187978,0.08306632080472741,0.06913856178187978,0.08306632080472741
log_volume,forward_return_5,1250,0.09316291205776683,0.09936500302533854,0.09316291205776683,0.09936500302533854
log_volume,forward_return_10,1245,0.13368871486482226,0.13130725103806865,0.13368871486482226,0.13130725103806865
log_volume,forward_return_20,1235,0.20880765151010497,0.22714815820497358,0.20880765151010497,0.22714815820497358
distance_from_20d_high,forward_return_1,1235,-0.02776865687965775,-0.023490131046228095,0.02776865687965775,0.023490131046228095
distance_from_20d_high,forward_return_3,1233,-0.019018193305467675,-0.007533029597884475,0.019018193305467675,0.007533029597884475
distance_from_20d_high,forward_return_5,1231,-0.01200515454304934,0.004519134018866555,0.01200515454304934,0.004519134018866555
distance_from_20d_high,forward_return_10,1226,-0.0024879276864329487,0.0035658744018680767,0.0024879276864329487,0.0035658744018680767
distance_from_20d_high,forward_return_20,1216,-0.0015300118186051,0.012075371184139221,0.0015300118186051,0.012075371184139221
distance_from_20d_low,forward_return_1,1235,-0.006114422337474343,-0.026369035243148434,0.006114422337474343,0.026369035243148434
distance_from_20d_low,forward_return_3,1233,0.02083016998569479,-0.004203715348036998,0.02083016998569479,0.004203715348036998
distance_from_20d_low,forward_return_5,1231,0.039017576090882876,0.00018877600793192336,0.039017576090882876,0.00018877600793192336
distance_from_20d_low,forward_return_10,1226,0.04348498880009279,0.0057213018701403546,0.04348498880009279,0.0057213018701403546
distance_from_20d_low,forward_return_20,1216,0.06402756010276488,0.018837987731159758,0.06402756010276488,0.018837987731159758
