treasury_regime,horizon_days,observations,regime_observations,coefficient,hac_standard_error,t_stat,p_value,ci_95_low,ci_95_high
bear_flattening,1,1066,248,-0.0015934333605813588,0.00220161440222721,-0.7237567845529174,0.46921506473267105,-0.005908597588946691,0.0027217308677839726
bear_flattening,3,1066,248,-0.009757401573049457,0.004341656131828419,-2.2473916120437396,0.024615010604620187,-0.01826704759143316,-0.0012477555546657557
bear_flattening,5,1066,248,-0.013279401558668623,0.005786664821322369,-2.2948281901065792,0.021742972429679503,-0.024621264608460466,-0.00193753850887678
bear_flattening,10,1066,248,-0.01602561891491157,0.008884982868518973,-1.8036747118211225,0.07128231612846246,-0.03344018533720876,0.0013889475073856176
bear_flattening,20,1066,248,-0.027111289564404433,0.01616353804266265,-1.6773115819597093,0.09348156892706598,-0.05879182412802322,0.004569244999214361
bear_steepening,1,1066,173,0.0026435646301693804,0.002438344878364268,1.084163546193179,0.27829229152328394,-0.002135591331424585,0.007422720591763346
bear_steepening,3,1066,173,0.0041260586515475435,0.004936599349102621,0.8358099087578541,0.4032618512213455,-0.005549676072693592,0.01380179337578868
bear_steepening,5,1066,173,0.004681011680826315,0.006846525847078173,0.6837061285358305,0.49416075276568094,-0.008738178979446905,0.018100202341099533
bear_steepening,10,1066,173,0.005926727752426417,0.010560649840243469,0.5612086227725718,0.5746553254083777,-0.014772145934450781,0.026625601439303613
bear_steepening,20,1066,173,0.013604662408939861,0.013276135986677803,1.02474563552164,0.3054832240258534,-0.012416564124948633,0.039625888942828355
bull_flattening,1,1066,140,-0.003929572330199281,0.002774587721297202,-1.4162725150250755,0.15669573175356866,-0.009367764263941796,0.0015086196035432346
bull_flattening,3,1066,140,-0.00041717390630319017,0.004818527414725501,-0.08657705360942841,0.9310077059661078,-0.009861487639165173,0.009027139826558792
bull_flattening,5,1066,140,3.5386909096882086e-05,0.0058342360220030596,0.0060653886752995555,0.9951605496937691,-0.011399715694029113,0.011470489512222879
bull_flattening,10,1066,140,-0.006700113477708944,0.010151958582268587,-0.6599823495548301,0.5092651561865974,-0.026597952298955375,0.013197725343537485
bull_flattening,20,1066,140,0.00103392448322117,0.017983181965152105,0.05749396770964748,0.95415171123236,-0.03421311216847696,0.0362809611349193
bull_steepening,1,1066,164,0.0019253755644395526,0.002628691630009521,0.7324463403996074,0.4638961831440924,-0.0032268600303791087,0.0070776111592582135
bull_steepening,3,1066,164,0.0005664518821299592,0.004512177235298944,0.1255384823314526,0.900097261506264,-0.008277415499055972,0.009410319263315889
bull_steepening,5,1066,164,0.0012540449758411355,0.00617892868107282,0.20295508178990687,0.8391701410180623,-0.01085665523906159,0.013364745190743862
bull_steepening,10,1066,164,-0.0018888887293263446,0.009637835624574372,-0.19598681725906297,0.844620484207911,-0.020779046553492112,0.017001269094839424
bull_steepening,20,1066,164,0.0004955202582135361,0.015167522543583965,0.032669821771463055,0.9739378897768036,-0.029232823927211035,0.03022386444363811
mixed_or_flat,1,1066,77,0.0009441191165892359,0.0038565508323846285,0.24480919806921275,0.8066041715688762,-0.006614720514884636,0.008502958748063108
mixed_or_flat,3,1066,77,0.013245050981787828,0.006258270240928219,2.116407644905941,0.03431015243935075,0.0009788413095685178,0.025511260654007138
mixed_or_flat,5,1066,77,0.018398878902503468,0.008338876440715336,2.206397832287002,0.027356156686305384,0.002054681078701409,0.03474307672630553
mixed_or_flat,10,1066,77,0.02026689588011815,0.010937313620676162,1.8530049135470632,0.06388165439218553,-0.00117023881640713,0.04170403057664343
mixed_or_flat,20,1066,77,0.008217436430674444,0.014480653530251422,0.5674769038225699,0.5703902139378094,-0.020164644488618343,0.036599517349967234
twist_flattening,1,1066,137,-0.0006928893120579393,0.002896368778749441,-0.23922689580886403,0.8109296482094567,-0.006369772118406844,0.004983993494290965
twist_flattening,3,1066,137,-0.0009404721392385082,0.006190012896670201,-0.1519337931823078,0.8792391545841046,-0.013072897416712102,0.011191953138235084
twist_flattening,5,1066,137,-0.004835141330749255,0.008217500911599025,-0.5883955940819476,0.5562667943862256,-0.020941443117483343,0.011271160455984832
twist_flattening,10,1066,137,0.006619760453237387,0.012495066137569264,0.5297899491170814,0.5962575746174663,-0.01787056917639837,0.031110090082873146
twist_flattening,20,1066,137,0.007741424024317879,0.013908381045223132,0.556601375756576,0.5777998136075271,-0.01951900282431946,0.035001850872955216
twist_steepening,1,1066,127,0.0013060468736995543,0.0025584731234941593,0.5104790281775011,0.6097159034383399,-0.0037085604483489973,0.006320654195748106
twist_steepening,3,1066,127,0.003549843710856999,0.005270483364805826,0.6735328555557981,0.5006083536049373,-0.006780303684162419,0.013879991105876417
twist_steepening,5,1066,127,0.008342808127956083,0.008286298129185797,1.006819691723527,0.314021429902814,-0.007898336205248078,0.024583952461160245
twist_steepening,10,1066,127,0.009203353046786999,0.011050810017444013,0.8328215788941488,0.4049453627563645,-0.012456234587403265,0.030862940680977263
twist_steepening,20,1066,127,0.0132469453027152,0.012690819390495002,1.0438211194335267,0.2965681585309955,-0.011627060702655002,0.038120951308085405
