model,probability_bucket,observations,mean_predicted_probability,actual_positive_rate,mean_forward_return_5,median_forward_return_5
technical_probability,Q1_lowest,147,0.27105413668847017,0.3877551020408163,-0.009618962906529938,-0.0174358372736656
technical_probability,Q2,147,0.3140732157171513,0.4489795918367347,-8.86825727988745e-05,-0.0052839215225782
technical_probability,Q3,148,0.34481406978919243,0.44594594594594594,-0.001853079765855728,-0.0057123542419646005
technical_probability,Q4,147,0.3742358471950581,0.5102040816326531,0.0004484417905093752,0.0015434692958848
technical_probability,Q5_highest,148,0.4360547069340016,0.4864864864864865,-0.0013520470307259369,-0.0017596470255697
treasury_probability,Q1_lowest,147,0.2561025987438236,0.41496598639455784,-0.013112554097339848,-0.0134047033203283
treasury_probability,Q2,147,0.498490746543981,0.38095238095238093,-0.010515675821283491,-0.0155211886470343
treasury_probability,Q3,148,0.5558552104067628,0.4391891891891892,-0.006266924594349729,-0.00949375047047755
treasury_probability,Q4,147,0.6125498490682256,0.5034013605442177,0.00784026644373657,0.0002078807197172
treasury_probability,Q5_highest,148,0.7482172651874125,0.5405405405405406,0.009546444342037644,0.01201227625451535
combined_probability,Q1_lowest,147,0.29889042778166985,0.42857142857142855,-0.009727615392162194,-0.0052839215225782
combined_probability,Q2,147,0.5209442829358423,0.4013605442176871,-0.007126562797635166,-0.0111622340422899
combined_probability,Q3,148,0.5778289425924082,0.41216216216216217,-0.007823622700003186,-0.0111183459677547
combined_probability,Q4,147,0.6427320612525326,0.5034013605442177,0.001202031762617522,0.0002078807197172
combined_probability,Q5_highest,148,0.7880618383962712,0.5337837837837838,0.010968243082738947,0.0059378941481342505
