model,calibration_bucket,observations,mean_predicted_probability,actual_positive_rate,mean_forward_return_5
technical_probability,"(0.2, 0.3]",156,0.27268028230015906,0.40384615384615385,-0.0078869511507617
technical_probability,"(0.3, 0.4]",471,0.3492230089196562,0.46284501061571126,-0.0013869768904291588
technical_probability,"(0.4, 0.5]",93,0.43400797632613153,0.4731182795698925,-0.0029970379479938884
technical_probability,"(0.5, 0.6]",15,0.5330152027219565,0.6,0.02145953889582305
technical_probability,"(0.6, 0.7]",2,0.6074191085950817,1.0,0.0025001162432506
treasury_probability,"(-0.001, 0.1]",4,0.09536049506572272,0.0,-0.08132531586506375
treasury_probability,"(0.1, 0.2]",58,0.1498819098120297,0.41379310344827586,-0.008356613859322877
treasury_probability,"(0.2, 0.3]",28,0.24025189198473657,0.35714285714285715,-0.0191780693767184
treasury_probability,"(0.3, 0.4]",34,0.3575796937378719,0.5588235294117647,-0.003739945596031415
treasury_probability,"(0.4, 0.5]",83,0.45980200333991444,0.37349397590361444,-0.013277303902118825
treasury_probability,"(0.5, 0.6]",270,0.5476493312775307,0.4148148148148148,-0.005306728725714221
treasury_probability,"(0.6, 0.7]",176,0.6352464172964146,0.5170454545454546,0.0018124529158248441
treasury_probability,"(0.7, 0.8]",47,0.7543394982567101,0.5106382978723404,0.01793405184120855
treasury_probability,"(0.8, 0.9]",22,0.8503372463174597,0.5909090909090909,0.01129365934854132
treasury_probability,"(0.9, 1.0]",15,0.9346526428592566,0.8,0.05087650509282933
combined_probability,"(0.1, 0.2]",32,0.17043450709610652,0.34375,-0.013695130864312219
combined_probability,"(0.2, 0.3]",53,0.24641306842365257,0.4528301886792453,-0.010502184454636729
combined_probability,"(0.3, 0.4]",24,0.33584436901531883,0.5416666666666666,0.004773761584687129
combined_probability,"(0.4, 0.5]",62,0.4700829115001786,0.41935483870967744,-0.012676905014329151
combined_probability,"(0.5, 0.6]",253,0.5510434441308185,0.39920948616600793,-0.007274705645955954
combined_probability,"(0.6, 0.7]",190,0.6453967759718052,0.5052631578947369,0.0017270683919958577
combined_probability,"(0.7, 0.8]",71,0.7452919113988642,0.39436619718309857,-0.0054530524940632
combined_probability,"(0.8, 0.9]",27,0.8516549615640767,0.7037037037037037,0.0314608634556235
combined_probability,"(0.9, 1.0]",25,0.9392064148689562,0.72,0.03523508144733625
