fold,model,train_rows,validation_rows,train_up_rate,validation_up_rate,roc_auc,brier_score,log_loss,accuracy,balanced_accuracy
fold_1,base_rate,309,245,0.3883495145631068,0.45714285714285713,0.5,0.25289578928941736,0.69925381487929,0.5428571428571428,0.5
fold_1,technical_logistic,309,245,0.3883495145631068,0.45714285714285713,0.5142991407089152,0.25830441213981165,0.7141951956222847,0.5714285714285714,0.5340695488721805
fold_1,treasury_logistic,309,245,0.3883495145631068,0.45714285714285713,0.5946227175080558,0.2622516942632161,0.7429301513714398,0.5959183673469388,0.580592105263158
fold_1,combined_logistic,309,245,0.3883495145631068,0.45714285714285713,0.5843850698174006,0.2685856799356403,0.7520874370662889,0.5510204081632653,0.5448778195488722
fold_1,v2a_curve_logistic,309,245,0.3883495145631068,0.45714285714285713,0.5635405477980666,0.2876790465367309,0.7985952522100238,0.5387755102040817,0.5512218045112782
fold_1,technical_v2a_curve_logistic,309,245,0.3883495145631068,0.45714285714285713,0.5019468313641247,0.33188499571269625,0.9618445737892982,0.5346938775510204,0.556625939849624
fold_2,base_rate,559,247,0.4221824686940966,0.4331983805668016,0.5,0.24565889395548932,0.6844436902040377,0.5668016194331984,0.5
fold_2,technical_logistic,559,247,0.4221824686940966,0.4331983805668016,0.5816421895861148,0.2504921362374191,0.6949231332755275,0.5668016194331984,0.5
fold_2,treasury_logistic,559,247,0.4221824686940966,0.4331983805668016,0.5824766355140186,0.2660293179621491,0.7276183649944836,0.4574898785425101,0.5126168224299066
fold_2,combined_logistic,559,247,0.4221824686940966,0.4331983805668016,0.5518691588785046,0.28981866359024433,0.781128204012675,0.42105263157894735,0.48598130841121495
fold_2,v2a_curve_logistic,559,247,0.4221824686940966,0.4331983805668016,0.5324766355140187,0.26502381926943164,0.7242644864937366,0.4939271255060729,0.5403538050734312
fold_2,technical_v2a_curve_logistic,559,247,0.4221824686940966,0.4331983805668016,0.5158210947930574,0.2707511789326447,0.7377698114846678,0.4534412955465587,0.4947263017356475
fold_3,base_rate,811,245,0.42293464858199753,0.4775510204081633,0.5,0.25247899138673924,0.6981929349485813,0.5224489795918368,0.5
fold_3,technical_logistic,811,245,0.42293464858199753,0.4775510204081633,0.570178952991453,0.2649513033990206,0.7250241494316175,0.5142857142857142,0.4921875
fold_3,treasury_logistic,811,245,0.42293464858199753,0.4775510204081633,0.4927216880341881,0.268552249336913,0.733362996303626,0.47346938775510206,0.49278846153846156
fold_3,combined_logistic,811,245,0.42293464858199753,0.4775510204081633,0.5480101495726496,0.26016697639609254,0.7158669364836648,0.4897959183673469,0.5073116987179487
fold_3,v2a_curve_logistic,811,245,0.42293464858199753,0.4775510204081633,0.5245058760683761,0.29472801814475735,0.7901773197682517,0.4775510204081633,0.5
fold_3,technical_v2a_curve_logistic,811,245,0.42293464858199753,0.4775510204081633,0.5299145299145299,0.26652260669592526,0.7285714561097799,0.49387755102040815,0.5086471688034189
