market_date,fold,actual_up,forward_return_5,base_probability,technical_probability,treasury_probability,combined_probability
2023-01-03,fold_1,1,0.074720247894372,0.3883495145631068,0.26343244622261613,0.3827812541887051,0.33225661210341917
2023-01-04,fold_1,1,0.0788529927844829,0.3883495145631068,0.31382370916695734,0.40960118881416757,0.31062769131080153
2023-01-05,fold_1,1,0.1275089777545679,0.3883495145631068,0.28138365995337716,0.330722716761962,0.22753617507591667
2023-01-06,fold_1,1,0.042552974684705,0.3883495145631068,0.3028715210722164,0.35614888223715013,0.29625787404568155
2023-01-09,fold_1,1,0.0055187242052612,0.3883495145631068,0.3270380969226112,0.38691407530836797,0.2386472177450209
2023-01-10,fold_1,1,0.1309383162531578,0.3883495145631068,0.28890725531728045,0.36621163122385497,0.3236442568697695
2023-01-11,fold_1,1,0.0620153454118854,0.3883495145631068,0.2983996897126483,0.34518105453857983,0.2967439691714325
2023-01-12,fold_1,0,-0.0460733311167219,0.3883495145631068,0.4083959249124811,0.3421320347613562,0.32165129909280793
2023-01-13,fold_1,0,-0.0354456893613132,0.3883495145631068,0.36139230780568626,0.30670643294833055,0.29439314223701896
2023-01-17,fold_1,1,0.0252468963396861,0.3883495145631068,0.4051402464615583,0.33379740956878484,0.38189773832556806
2023-01-18,fold_1,0,-0.0348361701967075,0.3883495145631068,0.4777490295272469,0.37557081446046403,0.2996972912518277
2023-01-19,fold_1,0,-0.0323252917794258,0.3883495145631068,0.4161403734233731,0.34259850502649847,0.32087999397002526
2023-01-20,fold_1,1,0.0120744619725985,0.3883495145631068,0.38348244412954036,0.3272929645723717,0.3408715615197418
2023-01-23,fold_1,1,0.0122495475577963,0.3883495145631068,0.3811990004571415,0.32716333597388797,0.31857330672577294
2023-01-24,fold_1,0,-0.0021412197371896,0.3883495145631068,0.438354651045347,0.3468192279136665,0.32419009853224084
2023-01-25,fold_1,1,0.0233547673074472,0.3883495145631068,0.38348407438676757,0.30280481589879626,0.32540933639495867
2023-01-26,fold_1,1,0.0431036092858341,0.3883495145631068,0.35510698631266685,0.24012464209341428,0.2899745741067872
2023-01-27,fold_1,1,0.0021693702960945,0.3883495145631068,0.3574947504221373,0.25720160717653123,0.2624438678837941
2023-01-30,fold_1,0,-0.0044005984157922,0.3883495145631068,0.3656326420929485,0.24756849602310418,0.2578502239664658
2023-01-31,fold_1,0,-0.0525751028065192,0.3883495145631068,0.35918214747869504,0.2284467758612957,0.23864323096559859
2023-02-01,fold_1,0,-0.0736513654612589,0.3883495145631068,0.38909389579328685,0.23647613261007236,0.34481896078951424
2023-02-02,fold_1,0,-0.1022728808926687,0.3883495145631068,0.3678020038819065,0.2287025562246462,0.26979956814393574
2023-02-03,fold_1,0,-0.0930736799613435,0.3883495145631068,0.4031366198086775,0.21311116956444573,0.2563685728477368
2023-02-06,fold_1,0,-0.0519337117095204,0.3883495145631068,0.3672698563433554,0.16309347471142155,0.17699946844449807
2023-02-07,fold_1,0,-0.0328427393829233,0.3883495145631068,0.37038048277543584,0.1756526446901791,0.23685017034356756
2023-02-08,fold_1,0,-0.0705490652879162,0.3883495145631068,0.33713024966946387,0.14864568973576311,0.1820067785739432
2023-02-09,fold_1,0,-0.0840045068233616,0.3883495145631068,0.32629416510361825,0.15195792086094345,0.19630294701663173
2023-02-10,fold_1,0,-0.0346061687220455,0.3883495145631068,0.3148079093184871,0.16899618937797162,0.19386452623596867
2023-02-13,fold_1,0,-0.1095572329287726,0.3883495145631068,0.2969990069398369,0.15756705415713818,0.16287923161430587
2023-02-14,fold_1,0,-0.081967045094184,0.3883495145631068,0.3230875624029235,0.14531484413023876,0.15320995106404559
2023-02-15,fold_1,0,-0.0289155647800136,0.3883495145631068,0.2643102378037465,0.12575544889089316,0.15447537450069368
2023-02-16,fold_1,0,-0.0263819377231192,0.3883495145631068,0.282452998516419,0.1638384419146677,0.2014039200201749
2023-02-17,fold_1,0,-0.0346104928304594,0.3883495145631068,0.2536985529598962,0.1560945777685299,0.19921094230158262
2023-02-21,fold_1,1,0.0340316280048975,0.3883495145631068,0.26959305939827577,0.18830991528103166,0.2585153121495062
2023-02-22,fold_1,0,-0.0216838492872658,0.3883495145631068,0.23231867876700377,0.1682088894515829,0.2295986190509778
2023-02-23,fold_1,0,-0.074441481640772,0.3883495145631068,0.24038934732553868,0.1619503727913717,0.21085735740457026
2023-02-24,fold_1,1,0.0283868936189817,0.3883495145631068,0.24423525933960405,0.15892493240880098,0.2009826871496075
2023-02-27,fold_1,0,0.0,0.3883495145631068,0.23446532135764406,0.15426329600086086,0.1737429508819817
2023-02-28,fold_1,1,0.0050632544804252,0.3883495145631068,0.2489895529290585,0.16477569741116127,0.14336561788577723
2023-03-01,fold_1,1,0.039113380920233,0.3883495145631068,0.2452635851058374,0.1468278344555038,0.1663139212938932
2023-03-02,fold_1,1,0.0750667070779493,0.3883495145631068,0.22189853152757785,0.1294681783674335,0.14605477084260615
2023-03-03,fold_1,1,0.1091595665246256,0.3883495145631068,0.3166481844000377,0.1535244410192447,0.1449265378381363
2023-03-06,fold_1,1,0.1382840303132793,0.3883495145631068,0.3096419616577998,0.1442728916118123,0.16129044309526386
2023-03-07,fold_1,1,0.0654910395423198,0.3883495145631068,0.3368982889954276,0.11205199330826253,0.15693134563336358
2023-03-08,fold_1,1,0.122961227064603,0.3883495145631068,0.3426702516385402,0.1039053247481138,0.12072416268211379
2023-03-09,fold_1,1,0.0897757949970083,0.3883495145631068,0.38396616243949505,0.14183433972104703,0.15502565888122308
2023-03-10,fold_1,1,0.0305429639130208,0.3883495145631068,0.5206038913375397,0.20855146369155214,0.2627197500521362
2023-03-13,fold_1,0,0.0,0.3883495145631068,0.5279544123320968,0.4347442698527796,0.4746819390339311
2023-03-14,fold_1,1,0.0205664519886832,0.3883495145631068,0.4907512670299825,0.397371975088869,0.4183806558907751
2023-03-15,fold_1,1,0.0028309912642756,0.3883495145631068,0.6051978572141351,0.5001350610553267,0.5243025767452829
2023-03-16,fold_1,1,0.0246288630650246,0.3883495145631068,0.4995713881789602,0.3975234034339213,0.40800088491817454
2023-03-17,fold_1,0,-0.005965599274893,0.3883495145631068,0.43950390207011447,0.45650977279812144,0.5835285138911603
2023-03-20,fold_1,0,-0.0491248842516208,0.3883495145631068,0.42155618079750734,0.4466116101420879,0.5796537743812737
2023-03-21,fold_1,0,-0.0174418242841344,0.3883495145631068,0.4118341187786329,0.37842943804123347,0.40926209764778726
2023-03-22,fold_1,0,-0.0604027435340259,0.3883495145631068,0.42928222650554143,0.4358260678992666,0.54366506813908
2023-03-23,fold_1,0,-0.0448432749845285,0.3883495145631068,0.41863276916940884,0.5183853605331258,0.5747905602036454
2023-03-24,fold_1,0,-0.0155211886470343,0.3883495145631068,0.39433725667377245,0.4653062390138108,0.518382787345247
2023-03-27,fold_1,1,0.0676962425217657,0.3883495145631068,0.44558475557502225,0.5320292874968301,0.5499103160007663
2023-03-28,fold_1,1,0.0828404023101698,0.3883495145631068,0.42659776012399336,0.5116941828130127,0.5107943401636408
2023-03-29,fold_1,1,0.1190476019204735,0.3883495145631068,0.4076675480435372,0.4622064512238021,0.5257172620534338
2023-03-30,fold_1,1,0.1138500864474771,0.3883495145631068,0.393192040133694,0.4100543735855627,0.46092333564516996
2023-03-31,fold_1,1,0.0191441680083008,0.3883495145631068,0.39128080456892567,0.3512111881549332,0.42479838982755996
2023-04-03,fold_1,1,0.0111235743383495,0.3883495145631068,0.40949825195744005,0.412444038545849,0.45140146973302875
2023-04-04,fold_1,0,-0.0109290627900355,0.3883495145631068,0.40106805376717725,0.45174264646519013,0.5069137361336391
2023-04-05,fold_1,0,-0.0606383516030417,0.3883495145631068,0.3734613875707437,0.45542042780216657,0.4681156282768192
2023-04-06,fold_1,0,-0.0958904109589041,0.3883495145631068,0.3379676694725821,0.41661178692626644,0.398860158783423
2023-04-10,fold_1,0,-0.0839778461688725,0.3883495145631068,0.3023376756691177,0.28704602545466795,0.307122367710017
2023-04-11,fold_1,0,-0.0792079301942949,0.3883495145631068,0.29195327751978606,0.24416258949942582,0.2359954972408237
2023-04-12,fold_1,0,-0.0784530280291785,0.3883495145631068,0.29677692735182776,0.26583516930419987,0.2810903064033073
2023-04-13,fold_1,0,-0.0328426765436713,0.3883495145631068,0.26677242943642926,0.29738364057686484,0.3576082901443404
2023-04-14,fold_1,0,-0.0209790751520222,0.3883495145631068,0.2949962685831703,0.2532577105705509,0.4363444659240957
2023-04-17,fold_1,1,0.0410134208550654,0.3883495145631068,0.2930174984191921,0.2574489081671683,0.3034593253582471
2023-04-18,fold_1,1,0.0752686464279275,0.3883495145631068,0.2633217979242638,0.22856975464220966,0.2655118704460502
2023-04-19,fold_1,1,0.0419663011418462,0.3883495145631068,0.26024682688398526,0.20116470952797333,0.26019843175555835
2023-04-20,fold_1,0,-0.0093676291843237,0.3883495145631068,0.24030229434188183,0.23154028993780137,0.300588403175717
2023-04-21,fold_1,1,0.0535713129631971,0.3883495145631068,0.2582843853542874,0.2431872579015443,0.2972818218886763
2023-04-24,fold_1,0,-0.061413794583115,0.3883495145631068,0.25294662379972427,0.20918374993982197,0.22810140740589147
2023-04-25,fold_1,0,-0.0377775382108687,0.3883495145631068,0.23509572137928833,0.2870363701996488,0.36276916030688394
2023-04-26,fold_1,1,0.0149596268874361,0.3883495145631068,0.2610179265982193,0.30843139037605805,0.38627536038846355
2023-04-27,fold_1,1,0.0153667390156242,0.3883495145631068,0.2548604969369189,0.2699935421932246,0.336585758637067
2023-04-28,fold_1,0,-0.0406778827813953,0.3883495145631068,0.2726649355230639,0.2557071231237084,0.3090398979932976
2023-05-01,fold_1,1,0.0049382960763144,0.3883495145631068,0.3317466022890119,0.3850243179120426,0.47629404899517724
2023-05-02,fold_1,0,-0.0704389651671667,0.3883495145631068,0.34912352443261296,0.4158329604432364,0.49943120911305705
2023-05-03,fold_1,0,-0.0646255281034001,0.3883495145631068,0.37323447443836094,0.45912863272665566,0.4856889848370739
2023-05-04,fold_1,0,-0.0116416507189246,0.3883495145631068,0.37149228790370104,0.5616935285931527,0.6113184881118836
2023-05-05,fold_1,0,-0.0223794591843363,0.3883495145631068,0.3949349247775565,0.4604445801358154,0.5069785877499625
2023-05-08,fold_1,0,-0.0110565920886028,0.3883495145631068,0.4246611109354234,0.5321968627320748,0.5590188296113952
2023-05-09,fold_1,0,-0.0111800998469066,0.3883495145631068,0.39053209924540555,0.5022327781692971,0.5750556003342918
2023-05-10,fold_1,0,-0.0424244237851157,0.3883495145631068,0.41664871125621317,0.5335173483154473,0.6586707214121437
2023-05-11,fold_1,0,-0.0895171250227367,0.3883495145631068,0.4247633430960843,0.514536638230161,0.6273847329988941
2023-05-12,fold_1,0,-0.0891565227556271,0.3883495145631068,0.3897220367250791,0.4999468554368021,0.5771390484264052
2023-05-15,fold_1,0,-0.072049675321159,0.3883495145631068,0.4216967200032468,0.5570403694383982,0.6317154722746945
2023-05-16,fold_1,0,-0.0565327555478198,0.3883495145631068,0.4470709171967974,0.5366904668609406,0.6025887553407139
2023-05-17,fold_1,0,-0.0582278707845119,0.3883495145631068,0.3912854497278594,0.5001451198508191,0.538835271784449
2023-05-18,fold_1,0,-0.0491590922846608,0.3883495145631068,0.40012857476864466,0.43476737722814696,0.49599534161333375
2023-05-19,fold_1,0,-0.0079362632629772,0.3883495145631068,0.4069520343294308,0.4538886820368004,0.5213161603592585
2023-05-22,fold_1,1,0.0348057752897148,0.3883495145631068,0.3861424380973757,0.465564608996128,0.5183260346327614
2023-05-23,fold_1,1,0.0545940663001345,0.3883495145631068,0.38810375789801416,0.4540483422974821,0.5319894203353239
2023-05-24,fold_1,1,0.0752688533833931,0.3883495145631068,0.3803886645247595,0.4331991423099829,0.5114233669392108
2023-05-25,fold_1,1,0.0544216928087595,0.3883495145631068,0.37355125978154935,0.3672903645664778,0.38355145601951735
2023-05-26,fold_1,1,0.0279995902639345,0.3883495145631068,0.3419127062941842,0.3088039941644275,0.33618928951943555
2023-05-30,fold_1,1,0.0129366208648922,0.3883495145631068,0.2797929020963933,0.25242056993431733,0.29348946595281145
2023-05-31,fold_1,0,-0.0505051892207553,0.3883495145631068,0.22009470977838505,0.2069724290203049,0.27051156995090264
2023-06-01,fold_1,0,-0.0325001108682978,0.3883495145631068,0.2403999317192662,0.22670779497822424,0.2739049523980652
2023-06-02,fold_1,0,-0.0051614282921786,0.3883495145631068,0.2619018056755193,0.19486679819106592,0.2630631811107679
2023-06-05,fold_1,1,0.0090794739467263,0.3883495145631068,0.2518077405823132,0.20128061382833545,0.2628948515553458
2023-06-06,fold_1,0,-0.0357598596729973,0.3883495145631068,0.22672600598626322,0.15374273999935428,0.21474792232841797
2023-06-07,fold_1,1,0.0279254720784307,0.3883495145631068,0.2656194529242927,0.17338715416531422,0.25444693838459653
2023-06-08,fold_1,1,0.0245480145652452,0.3883495145631068,0.23425209299616886,0.16566303613739333,0.25624783332838635
2023-06-09,fold_1,1,0.0181586120147181,0.3883495145631068,0.2509630117009098,0.13684205606991579,0.19221475238971913
2023-06-12,fold_1,1,0.026991894165812,0.3883495145631068,0.3037403512589655,0.1421180885621971,0.22463409682940974
2023-06-13,fold_1,1,0.0686715809697247,0.3883495145631068,0.35276269446062747,0.1311054497086694,0.23623695811714332
2023-06-14,fold_1,1,0.0047422848953306,0.3883495145631068,0.35897849052421177,0.1199201936747108,0.20197127354317246
2023-06-15,fold_1,1,0.0035062793761519,0.3883495145631068,0.32028638209503674,0.13181514857206586,0.20998054095899124
2023-06-16,fold_1,1,0.0201411174684273,0.3883495145631068,0.29898573463623335,0.11474114243901522,0.17021579412370805
2023-06-20,fold_1,0,-0.0090653084657297,0.3883495145631068,0.29851766015003756,0.10653756965042606,0.16768653745041587
2023-06-21,fold_1,0,-0.0049873361439098,0.3883495145631068,0.28489823492853666,0.107439892456818,0.16385150706604776
2023-06-22,fold_1,0,-0.0181347279829702,0.3883495145631068,0.32359949387999987,0.11456171664778665,0.18134467584612368
2023-06-23,fold_1,0,-0.0139062566439798,0.3883495145631068,0.317739649261046,0.11178152871611306,0.20744956299812703
2023-06-26,fold_1,0,-0.0364323212729086,0.3883495145631068,0.30161243571899854,0.1238773924532096,0.18502740240364887
2023-06-27,fold_1,0,-0.0520967796799392,0.3883495145631068,0.30400555602345497,0.09919642128552389,0.16588356248482164
2023-06-28,fold_1,0,-0.1027569935541876,0.3883495145631068,0.298231648168591,0.09462435409255858,0.1728510199614174
2023-06-29,fold_1,0,-0.0751978630485132,0.3883495145631068,0.39959826200318727,0.11210410721199629,0.1872874455317234
2023-06-30,fold_1,0,-0.0974357561245197,0.3883495145631068,0.35141221634263753,0.0981162297611388,0.15868510589297577
2023-07-03,fold_1,0,-0.0730117341016085,0.3883495145631068,0.31420750121061514,0.08950497512366987,0.15696445429374606
2023-07-05,fold_1,0,-0.0134047033203283,0.3883495145631068,0.37551616457829395,0.11852059510373518,0.1884975927402517
2023-07-06,fold_1,1,0.0572626926805652,0.3883495145631068,0.39990955118478627,0.1243897598852013,0.21367434600006424
2023-07-07,fold_1,1,0.0656206054652237,0.3883495145631068,0.37770649818927743,0.1573189534703757,0.25011917801677913
2023-07-10,fold_1,1,0.0610793005729308,0.3883495145631068,0.32119586842746495,0.161703341501446,0.21789460550704798
2023-07-11,fold_1,1,0.0618849669320402,0.3883495145631068,0.3088637788031376,0.15150997023055066,0.18627582529481915
2023-07-12,fold_1,1,0.06114132129615,0.3883495145631068,0.33787300608387055,0.19766946286333398,0.3016029838916291
2023-07-13,fold_1,0,-0.0052839215225782,0.3883495145631068,0.3214257979929261,0.22396443046211392,0.2878511445803725
2023-07-14,fold_1,1,0.008032330561243,0.3883495145631068,0.29846641364414817,0.19199454308416547,0.21427652541831058
2023-07-17,fold_1,0,-0.0026775583828563,0.3883495145631068,0.28435536513606924,0.18926579732606527,0.2125377621725276
2023-07-18,fold_1,0,-0.01986759181549,0.3883495145631068,0.2791076034270321,0.1772885459819965,0.21431699883657834
2023-07-19,fold_1,0,-0.051216793244189,0.3883495145631068,0.2831802917408112,0.15293954758286762,0.21774945026220316
2023-07-20,fold_1,0,-0.0730412821519062,0.3883495145631068,0.3050867970369907,0.15650933282912902,0.2206054628744752
2023-07-21,fold_1,0,-0.0584330826951151,0.3883495145631068,0.2804276676792449,0.14963017711184823,0.2000453039285824
2023-07-24,fold_1,0,-0.04429521505559,0.3883495145631068,0.2830197137624239,0.14789500651045212,0.22091111284963272
2023-07-25,fold_1,0,-0.0810811406224418,0.3883495145631068,0.2883718935778875,0.14062695968347627,0.19439913671550163
2023-07-26,fold_1,0,-0.1133600273733562,0.3883495145631068,0.2842352977698927,0.1404973677068598,0.20734558490798413
2023-07-27,fold_1,0,-0.1246419477550422,0.3883495145631068,0.4458158594407525,0.19145735512475956,0.29740960033616975
2023-07-28,fold_1,0,-0.094499307924454,0.3883495145631068,0.3493089769299404,0.17128338090825856,0.238258676393594
2023-07-31,fold_1,0,-0.1235954325002902,0.3883495145631068,0.31656045673282,0.15299189196757018,0.19539478609446204
2023-08-01,fold_1,0,-0.0514706188524429,0.3883495145631068,0.38426764571950756,0.1939203727556095,0.279854868161063
2023-08-02,fold_1,0,-0.0030441512613876,0.3883495145631068,0.41213373795947844,0.22400745306545683,0.3317915488049948
2023-08-03,fold_1,1,0.0212766405625144,0.3883495145631068,0.4620148674128281,0.37440783408934397,0.5005564521881757
2023-08-04,fold_1,0,-0.0373833149655948,0.3883495145631068,0.37882274205513705,0.40724898173407365,0.5116296263447835
2023-08-07,fold_1,0,-0.019230771875069,0.3883495145631068,0.3155049272558763,0.45977827537581145,0.4949556374050496
2023-08-08,fold_1,0,-0.0666666799693399,0.3883495145631068,0.31699958142527646,0.46784867165470384,0.5095217962935945
2023-08-09,fold_1,0,-0.1007634041771676,0.3883495145631068,0.3109520478443467,0.4290308152139377,0.44246929225664655
2023-08-10,fold_1,0,-0.0705128072913208,0.3883495145631068,0.3390383437081851,0.47854930252713485,0.5395583929853477
2023-08-11,fold_1,0,-0.0550160441884384,0.3883495145631068,0.3003502458318221,0.42587998456969584,0.4571023573566784
2023-08-14,fold_1,0,-0.0816992994428954,0.3883495145631068,0.3020768574678313,0.41947204206669897,0.44391924591552867
2023-08-15,fold_1,0,-0.0481727578302207,0.3883495145631068,0.28855780245426127,0.43159831055096864,0.4675355715942601
2023-08-16,fold_1,1,0.0441424888362389,0.3883495145631068,0.32003091469559686,0.4195065832436042,0.4844927430788711
2023-08-17,fold_1,1,0.0431032748349415,0.3883495145631068,0.32201354024449413,0.4613713287538085,0.46783483429677586
2023-08-18,fold_1,1,0.0428083396840215,0.3883495145631068,0.3011236425017111,0.46906236605594054,0.4850312073498627
2023-08-21,fold_1,1,0.0871885117212043,0.3883495145631068,0.3116730992960769,0.4991003081991498,0.5265064407480845
2023-08-22,fold_1,1,0.0994763966711123,0.3883495145631068,0.284120229507265,0.47377567855715147,0.46427014621207174
2023-08-23,fold_1,1,0.0195123404226229,0.3883495145631068,0.38339147194021017,0.5220915367586136,0.5759419940931189
2023-08-24,fold_1,1,0.0479341759115055,0.3883495145631068,0.3389580802903649,0.49971630651342425,0.5339121845509418
2023-08-25,fold_1,0,-0.0049263020118791,0.3883495145631068,0.3430946783517257,0.46126917174188353,0.46974699022616695
2023-08-28,fold_1,0,-0.0490997399180778,0.3883495145631068,0.3968244174805488,0.4991188300032153,0.4742622144927833
2023-08-29,fold_1,0,-0.0730158059997562,0.3883495145631068,0.46146352343653635,0.5033369391385866,0.5477667689806457
2023-08-30,fold_1,0,-0.0637957490529252,0.3883495145631068,0.4228813739265831,0.4392839838758254,0.5207379793682759
2023-08-31,fold_1,0,-0.0630914382497968,0.3883495145631068,0.38001775947455635,0.3765301294407415,0.4778053724320507
2023-09-01,fold_1,0,-0.0412540324224891,0.3883495145631068,0.3977060962178003,0.40692143442896683,0.5451849337964175
2023-09-05,fold_1,1,0.0172117668689639,0.3883495145631068,0.3887823602555401,0.4415896203954315,0.5492259977578641
2023-09-06,fold_1,1,0.0119863821264527,0.3883495145631068,0.35412695777447434,0.36537052898300815,0.4794330560339875
2023-09-07,fold_1,0,-0.0136285963214519,0.3883495145631068,0.3826750610447606,0.3906581645300241,0.4963576562631548
2023-09-08,fold_1,0,-0.0437711264518307,0.3883495145631068,0.3591853117073489,0.33490809483291417,0.4630053627002684
2023-09-11,fold_1,0,-0.0086059203545507,0.3883495145631068,0.3723129455997817,0.3868858913287677,0.5023798805240134
2023-09-12,fold_1,0,-0.0458631817312379,0.3883495145631068,0.3642239091649764,0.40120940540536026,0.4835858839907306
2023-09-13,fold_1,0,-0.0390357338722469,0.3883495145631068,0.38991321217530944,0.39956645171973076,0.5257006925995282
2023-09-14,fold_1,0,-0.0940356184488734,0.3883495145631068,0.38985087375504796,0.39702643410091065,0.5093904881708187
2023-09-15,fold_1,0,-0.0551787692635842,0.3883495145631068,0.3897257321163086,0.40467757648734265,0.5148883302234022
2023-09-18,fold_1,0,-0.1366024634480198,0.3883495145631068,0.36804334230926256,0.3792579501917378,0.45949107986841553
2023-09-19,fold_1,0,-0.1288012988376499,0.3883495145631068,0.3688489020375678,0.36169860668713555,0.4967354919778277
2023-09-20,fold_1,0,-0.1474243989740532,0.3883495145631068,0.3745421663400851,0.32446827406259143,0.4864284862622249
2023-09-21,fold_1,0,-0.0730769271662227,0.3883495145631068,0.4178158650405325,0.4334320535992066,0.6422197586456203
2023-09-22,fold_1,0,-0.0939849446746974,0.3883495145631068,0.3365164218975136,0.43960529794168635,0.5543387346753366
2023-09-25,fold_1,0,-0.0669371826682621,0.3883495145631068,0.3968676920752379,0.5872875922821237,0.7269497754441848
2023-09-26,fold_1,0,-0.1170432888123816,0.3883495145631068,0.3636085590181577,0.6338095430362557,0.7209415132159891
2023-09-27,fold_1,0,-0.0708334289490985,0.3883495145631068,0.3207432822591764,0.5901560226092268,0.6472770822584715
2023-09-28,fold_1,0,-0.0871369254333095,0.3883495145631068,0.3785438627220426,0.6514167103865812,0.7520415073547356
2023-09-29,fold_1,0,-0.1203319110331043,0.3883495145631068,0.38825733767878107,0.6497043500985754,0.734787289050706
2023-10-02,fold_1,0,-0.0173911958151736,0.3883495145631068,0.3957361570529414,0.6828295125639715,0.7450923958868009
2023-10-03,fold_1,1,0.0488372104523717,0.3883495145631068,0.4099656282985685,0.7737208742120374,0.8364907797634986
2023-10-04,fold_1,1,0.0739910968136645,0.3883495145631068,0.3637737784531616,0.8030135654199051,0.8524753650011411
2023-10-05,fold_1,0,0.0,0.3883495145631068,0.3104235539955819,0.8116189953842375,0.8347115260648378
2023-10-06,fold_1,1,0.0919811810444308,0.3883495145631068,0.33824088943958397,0.8171494078948017,0.883117957344389
2023-10-09,fold_1,0,-0.0243363050430495,0.3883495145631068,0.3277742165054209,0.8171494078948017,0.6318694833067336
2023-10-10,fold_1,0,-0.0554323647692854,0.3883495145631068,0.34613200494564483,0.8571805574663854,0.7393916991169567
2023-10-11,fold_1,0,-0.1336117203095203,0.3883495145631068,0.41080715086362746,0.8588530547300366,0.9232409937589859
2023-10-12,fold_1,0,-0.1159091126567293,0.3883495145631068,0.40072357743361897,0.884170602683627,0.8987912213057754
2023-10-13,fold_1,0,-0.1490281362788921,0.3883495145631068,0.3991532480736235,0.8811076172899441,0.8055829637967502
2023-10-16,fold_1,0,-0.0680272384377824,0.3883495145631068,0.37756884857307366,0.9040445165996482,0.952921532314295
2023-10-17,fold_1,0,-0.0023473655805504,0.3883495145631068,0.38605361666243565,0.8889967275068092,0.9103841718252662
2023-10-18,fold_1,0,-0.0433734473048221,0.3883495145631068,0.43718145177640816,0.8948694304445184,0.9217239423716005
2023-10-19,fold_1,1,0.0668380861815456,0.3883495145631068,0.42495259785196116,0.9358193892988804,0.9493360429102431
2023-10-20,fold_1,1,0.0355329565692237,0.3883495145631068,0.45467986796555915,0.926479595445482,0.9431228128178865
2023-10-23,fold_1,0,-0.0170313547373163,0.3883495145631068,0.5250465025625145,0.9279704955278051,0.9547273427378108
2023-10-24,fold_1,0,-0.063529395047536,0.3883495145631068,0.5309747335922651,0.9206957240680551,0.9354146838213617
2023-10-25,fold_1,1,0.0629721677966592,0.3883495145631068,0.5109687924336749,0.9458942315611701,0.956488467803971
2023-10-26,fold_1,1,0.0867468946096443,0.3883495145631068,0.5510449872178761,0.9524305587821454,0.9481038025826621
2023-10-27,fold_1,1,0.1299019817339166,0.3883495145631068,0.5167676300709286,0.9559946714052742,0.9550857734846129
2023-10-30,fold_1,1,0.1089108587787988,0.3883495145631068,0.4975827917617492,0.9496206243204957,0.9586328844405609
2023-10-31,fold_1,1,0.1683414752313514,0.3883495145631068,0.44785412332903307,0.9404856524459744,0.964524765501539
2023-11-01,fold_1,1,0.1587680660126313,0.3883495145631068,0.532104142172857,0.943953994150663,0.9576777674643548
2023-11-02,fold_1,1,0.0110864163746313,0.3883495145631068,0.5858161923702856,0.921886429117359,0.9486708209885072
2023-11-03,fold_1,1,0.0021692412222256,0.3883495145631068,0.6096403599760283,0.9360686363274364,0.9566224302509916
2023-11-06,fold_1,1,0.0245533987319799,0.3883495145631068,0.5259092479114167,0.9359312668937241,0.9432588570014087
2023-11-07,fold_1,1,0.0559140213724669,0.3883495145631068,0.5532667417725816,0.9225138569447354,0.9123020081826887
2023-11-08,fold_1,0,-0.0368100304432483,0.3883495145631068,0.5557156401983612,0.8864926171496192,0.9186078510257129
2023-11-09,fold_1,1,0.0679827191632735,0.3883495145631068,0.4974964488535264,0.8841407402268904,0.9361216517647274
2023-11-10,fold_1,1,0.0692639927520761,0.3883495145631068,0.43949591272103883,0.8595516952118931,0.9207859193709241
2023-11-13,fold_1,1,0.0936819563727657,0.3883495145631068,0.4259796765054903,0.8679066605072824,0.9257091259060628
2023-11-14,fold_1,1,0.0224034548219818,0.3883495145631068,0.5081519811313605,0.8795247973009209,0.9399114140018962
2023-11-15,fold_1,1,0.0764330416519563,0.3883495145631068,0.4826666406717275,0.8655617130340642,0.9347248229920907
2023-11-16,fold_1,1,0.004106858667054,0.3883495145631068,0.47169077112734276,0.8629777243869702,0.9120604864037454
2023-11-17,fold_1,1,0.0364372954112635,0.3883495145631068,0.46984522331222,0.8317209556362001,0.8904441941712216
2023-11-20,fold_1,1,0.0239043561432388,0.3883495145631068,0.4448160836378095,0.8196221332292356,0.8732203970580646
2023-11-21,fold_1,1,0.0657370217531827,0.3883495145631068,0.4175022497294537,0.8062573181445752,0.8808348912942989
2023-11-22,fold_1,1,0.0157792452469334,0.3883495145631068,0.37723913872925585,0.7505475155998256,0.8271330230859435
2023-11-24,fold_1,1,0.1104292216220466,0.3883495145631068,0.3650618343753777,0.7584704231215726,0.8606968586628108
2023-11-27,fold_1,1,0.0511719277261051,0.3883495145631068,0.3803504020542714,0.7485119259285877,0.8352777382529898
2023-11-28,fold_1,1,0.1120624175902733,0.3883495145631068,0.3718708172508858,0.7779299453878646,0.8725883802611115
2023-11-29,fold_1,1,0.1121496508352799,0.3883495145631068,0.35139844654525654,0.778360246750465,0.876641182536065
2023-11-30,fold_1,1,0.1349513677977212,0.3883495145631068,0.35661234458674435,0.811687317704408,0.8830667332134462
2023-12-01,fold_1,1,0.0484346456613975,0.3883495145631068,0.35404573664437944,0.8178663797369873,0.8800367176116797
2023-12-04,fold_1,1,0.050538681214826,0.3883495145631068,0.38042165735560257,0.795678165382193,0.8989572743821092
2023-12-05,fold_1,0,-0.0029741822617044,0.3883495145631068,0.34403053318683213,0.7684784494799476,0.8732573212241705
2023-12-06,fold_1,1,0.0257142160754377,0.3883495145631068,0.3332273687562594,0.6989187874614846,0.8439346810467011
2023-12-07,fold_1,1,0.1219847995311291,0.3883495145631068,0.30004112858867205,0.7322120607759434,0.8467332442740005
2023-12-08,fold_1,1,0.1579132318610514,0.3883495145631068,0.2759854714017468,0.6338698827419457,0.7879891774229623
2023-12-11,fold_1,1,0.1381322837199554,0.3883495145631068,0.24502120084774998,0.648759021855722,0.7783488899944316
2023-12-12,fold_1,1,0.1459902678726741,0.3883495145631068,0.23797286584436192,0.5906306128638759,0.7548245594442875
2023-12-13,fold_1,1,0.0932328616011994,0.3883495145631068,0.2726559809737698,0.6142230879335291,0.787540882702373
2023-12-14,fold_1,0,-0.0038638998319863,0.3883495145631068,0.22581719057992689,0.5943700002411539,0.7298698717290432
2023-12-15,fold_1,0,-0.0233683412433816,0.3883495145631068,0.2301521191309944,0.5555153495094819,0.7032594387330896
2023-12-18,fold_1,1,0.0081312795123531,0.3883495145631068,0.21845890015433886,0.6123100814577249,0.698408957695797
2023-12-19,fold_1,1,0.0456084879278275,0.3883495145631068,0.21942630611199948,0.6046878696978899,0.6680555440645324
2023-12-20,fold_1,1,0.0007095767685636,0.3883495145631068,0.23082803970960283,0.580926432742712,0.7620380553682756
2023-12-21,fold_1,0,-0.0040097418133028,0.3883495145631068,0.22723066446028198,0.593594072502147,0.7601753547997312
2024-01-02,fold_2,0,-0.052149062235696,0.4221824686940966,0.40621318749246593,0.5294103946777695,0.5977248055622343
2024-01-03,fold_2,0,-0.0792882386805583,0.4221824686940966,0.41416014931689993,0.4677279492986926,0.5555338997660508
2024-01-04,fold_2,0,-0.0215827412610253,0.4221824686940966,0.37835446762427566,0.496259207694473,0.5971485592377827
2024-01-05,fold_2,1,0.0018515406709782,0.4221824686940966,0.3800049939436032,0.5044137902277931,0.5601417621444574
2024-01-08,fold_2,0,-0.0765571959383831,0.4221824686940966,0.38465968611956247,0.5269934167420404,0.5665402248829604
2024-01-09,fold_2,0,-0.0643549392688246,0.4221824686940966,0.3876042945680422,0.5236667634157134,0.5899689355103487
2024-01-10,fold_2,0,-0.076962147453757,0.4221824686940966,0.37681370807941483,0.5151172156465696,0.5845757225302695
2024-01-11,fold_2,0,-0.0827206174113865,0.4221824686940966,0.4034605141640351,0.5393477310528856,0.585421227471607
2024-01-12,fold_2,0,-0.0614920238485976,0.4221824686940966,0.3623316517304603,0.5522921027724609,0.6135522364623985
2024-01-16,fold_2,0,-0.0317771079258798,0.4221824686940966,0.315523101981689,0.5059493135068467,0.5936914930967451
2024-01-17,fold_2,0,-0.0449036440725837,0.4221824686940966,0.3167908503519359,0.49547158795750906,0.5456708611617699
2024-01-18,fold_2,1,0.0012855834027563,0.4221824686940966,0.30560517471786364,0.5066239947856165,0.5296510584135016
2024-01-19,fold_2,0,-0.0125706005704954,0.4221824686940966,0.2962979773313535,0.5106240045405774,0.5391910383689238
2024-01-22,fold_2,1,0.0042965326149799,0.4221824686940966,0.3003603544954578,0.47324183314778423,0.5267049378266971
2024-01-23,fold_2,1,0.055188632844042,0.4221824686940966,0.3079556300013934,0.5074597224923596,0.5220868476056062
2024-01-24,fold_2,1,0.1055968823666582,0.4221824686940966,0.3170680373953237,0.5519274770726817,0.575167458664956
2024-01-25,fold_2,1,0.1465516807534346,0.4221824686940966,0.319556162856825,0.5779598604368859,0.5892283414913484
2024-01-26,fold_2,1,0.0789668983000355,0.4221824686940966,0.2735070950815434,0.5322508126361286,0.567137390047667
2024-01-29,fold_2,0,-0.0208555460062483,0.4221824686940966,0.29984217691247383,0.539446349864244,0.5862330681343546
2024-01-30,fold_2,0,-0.0203300832964817,0.4221824686940966,0.32904407950704717,0.5610859649824126,0.5895777091742755
2024-01-31,fold_2,0,-0.0599055225170954,0.4221824686940966,0.37270918557701915,0.5765873918296229,0.6020261417524188
2024-02-01,fold_2,0,-0.1260599995340549,0.4221824686940966,0.40360746786305357,0.6005029860074534,0.6317200841802015
2024-02-02,fold_2,0,-0.0718195905444153,0.4221824686940966,0.40475887621524853,0.6098057528839794,0.6355161172256674
2024-02-05,fold_2,0,-0.0091024961818697,0.4221824686940966,0.38878506077144637,0.5621340379636748,0.593900815077128
2024-02-06,fold_2,0,-0.0838948050214366,0.4221824686940966,0.38015344108287674,0.5432833953578162,0.6154598306427649
2024-02-07,fold_2,0,-0.0590558471805756,0.4221824686940966,0.37036751997545103,0.5323029009315378,0.6134043522074186
2024-02-08,fold_2,0,-0.0274572991585974,0.4221824686940966,0.3482510576079907,0.5614101296167665,0.6164123955973646
2024-02-09,fold_2,0,-0.0385039154902983,0.4221824686940966,0.3586442382643537,0.5790291717097178,0.613594924977864
2024-02-12,fold_2,0,-0.0398678068355538,0.4221824686940966,0.3787702346592377,0.6112197753148987,0.6309962117150953
2024-02-13,fold_2,0,-0.0083255127562105,0.4221824686940966,0.36494882187109035,0.540882289927356,0.5721441166498474
2024-02-14,fold_2,0,-0.0114460175806772,0.4221824686940966,0.3745713745442915,0.5483735078172093,0.560230319109308
2024-02-15,fold_2,1,0.0150574905972615,0.4221824686940966,0.37392061102393287,0.5516823601004982,0.5757351464940901
2024-02-16,fold_2,1,0.0229928370768,0.4221824686940966,0.367773909534179,0.5527232502778461,0.5722789556850187
2024-02-20,fold_2,1,0.0003826212259874,0.4221824686940966,0.3585646114727301,0.5533790349902098,0.5862982770517665
2024-02-21,fold_2,1,0.0396330546209238,0.4221824686940966,0.3790147861036256,0.611841663629637,0.604438922576303
2024-02-22,fold_2,1,0.0476650950831258,0.4221824686940966,0.3720477659713853,0.5620034337949087,0.5794994817473158
2024-02-23,fold_2,1,0.0244761002923135,0.4221824686940966,0.3911591652105516,0.6187290189469994,0.666740172461994
2024-02-26,fold_2,1,0.0232252532122254,0.4221824686940966,0.3899564437345567,0.6186975936468325,0.6422046834329671
2024-02-27,fold_2,1,0.0891354606214374,0.4221824686940966,0.3731520797659475,0.6169889944290993,0.6332785369544989
2024-02-28,fold_2,1,0.0869482258351042,0.4221824686940966,0.3874421066748252,0.6301365013596426,0.6623776375531504
2024-02-29,fold_2,1,0.0615214002133688,0.4221824686940966,0.38998611254796495,0.6078518195029822,0.6371983068435244
2024-03-01,fold_2,1,0.0387330435112796,0.4221824686940966,0.36204121379795723,0.5551247188175628,0.6011231266766818
2024-03-04,fold_2,1,0.0477761239687613,0.4221824686940966,0.3301383093511593,0.5330676868396007,0.5757910466156342
2024-03-05,fold_2,0,-0.0208991998787759,0.4221824686940966,0.33365948790299843,0.5240670406889437,0.572912654696396
2024-03-06,fold_2,0,-0.0499306216281694,0.4221824686940966,0.3301294988329498,0.5095729022243248,0.5644497442860122
2024-03-07,fold_2,0,-0.0914453879724376,0.4221824686940966,0.3119687952201059,0.5034074888081678,0.5831358436048761
2024-03-08,fold_2,0,-0.0879944500046228,0.4221824686940966,0.29997743060967497,0.49517709933359694,0.5639736504993335
2024-03-11,fold_2,0,-0.0952130182611522,0.4221824686940966,0.30125907034936633,0.493240408811504,0.5678370860172466
2024-03-12,fold_2,0,-0.062909540802458,0.4221824686940966,0.29643511447190257,0.47886340062716237,0.5501858398206853
2024-03-13,fold_2,0,-0.0510562227486962,0.4221824686940966,0.2646773422131524,0.4482392461910694,0.517203773051164
2024-03-14,fold_2,1,0.0012208079922089,0.4221824686940966,0.28810668291582936,0.48566205058686934,0.539634774406155
2024-03-15,fold_2,1,0.0296713325594211,0.4221824686940966,0.2748186728764255,0.4333673123499286,0.494611880677354
2024-03-18,fold_2,1,0.0258401445784428,0.4221824686940966,0.2702891728669974,0.43140170694817626,0.4743869824955646
2024-03-19,fold_2,1,0.0261943116661644,0.4221824686940966,0.28200260026205587,0.49558907761750143,0.5417821166389553
2024-03-20,fold_2,1,0.0536057517493306,0.4221824686940966,0.29330326546173235,0.5036785407308817,0.5609435742669271
2024-03-21,fold_2,1,0.0460652006973383,0.4221824686940966,0.3028853242597763,0.5215455184236562,0.5574639076515235
2024-03-22,fold_2,0,-0.0392083743660631,0.4221824686940966,0.28973713963060427,0.48950051614774714,0.519660870454326
2024-03-25,fold_2,0,-0.0401515705879264,0.4221824686940966,0.286351078658344,0.5079004225376759,0.536340460946277
2024-03-26,fold_2,0,-0.050675634711132,0.4221824686940966,0.28754367497636746,0.5015954426173541,0.5412467770307371
2024-03-27,fold_2,0,-0.0567348714994171,0.4221824686940966,0.2946323081590843,0.5158622318062459,0.5604202544740898
2024-03-28,fold_2,0,-0.0928440126586089,0.4221824686940966,0.28748860072007537,0.5032817117714098,0.5731621722069961
2024-04-01,fold_2,0,-0.040031095658934,0.4221824686940966,0.30658399484068904,0.4697498095742942,0.5166917593967477
2024-04-02,fold_2,1,0.0013812076950303,0.4221824686940966,0.3067993517354365,0.4942432438274958,0.5252386809212738
2024-04-03,fold_2,0,-0.0616844501271305,0.4221824686940966,0.286361223303508,0.46131492758890025,0.5036952732872735
2024-04-04,fold_2,0,-0.0937136519478608,0.4221824686940966,0.27252741008139686,0.44979854175839645,0.5198310976109182
2024-04-05,fold_2,0,-0.0400485322589416,0.4221824686940966,0.27564845359052015,0.5011129442051903,0.5318547302143056
2024-04-08,fold_2,0,-0.0840081741795928,0.4221824686940966,0.2889003809845976,0.5267446056278648,0.5515645243619302
2024-04-09,fold_2,0,-0.1265023660420761,0.4221824686940966,0.30824605848031783,0.5502947145066301,0.5862535269063102
2024-04-10,fold_2,0,-0.0360303868773155,0.4221824686940966,0.360639697004995,0.5288941026613015,0.5515751026485247
2024-04-11,fold_2,0,-0.0370369538779528,0.4221824686940966,0.33808237066002994,0.5237906021924793,0.5627150615530522
2024-04-12,fold_2,0,-0.0410873236005495,0.4221824686940966,0.31996872442689683,0.5268031355534941,0.5572469877395005
2024-04-15,fold_2,0,-0.0006628737309908,0.4221824686940966,0.34433690070106304,0.6152855281111034,0.6243626286951801
2024-04-16,fold_2,1,0.0196255043736832,0.4221824686940966,0.3181490726302576,0.6047051727417819,0.620239021361084
2024-04-17,fold_2,0,-0.0327868687104874,0.4221824686940966,0.355188370298458,0.6221121593858551,0.6472454746972397
2024-04-18,fold_2,0,-0.0373500898945338,0.4221824686940966,0.3400561922986638,0.6324494950420124,0.6271211149921486
2024-04-19,fold_2,0,-0.0338387099599063,0.4221824686940966,0.33770091056031076,0.6260464843340944,0.6172680640949649
2024-04-22,fold_2,0,-0.0033171237468246,0.4221824686940966,0.33690340338670305,0.6542737785740012,0.6790870470925453
2024-04-23,fold_2,0,-0.0278762257006157,0.4221824686940966,0.3511353537164459,0.6675495578823709,0.673867987615776
2024-04-24,fold_2,1,0.0140111922681807,0.4221824686940966,0.339188046006831,0.6539239709215064,0.6667249129399184
2024-04-25,fold_2,1,0.0466513672716117,0.4221824686940966,0.3243771362533321,0.6492763815449698,0.6554885682825604
2024-04-26,fold_2,1,0.0618602683973505,0.4221824686940966,0.3268786983219851,0.6453125369996667,0.6661973605335932
2024-04-29,fold_2,1,0.0474816218459188,0.4221824686940966,0.323643314515288,0.6195099049611333,0.6178844393176801
2024-04-30,fold_2,1,0.094902291834362,0.4221824686940966,0.31948142967886983,0.5842407656041683,0.5979902678607556
2024-05-01,fold_2,1,0.0521507255287267,0.4221824686940966,0.3563264077700705,0.6587888005131074,0.6960018459098974
2024-05-02,fold_2,1,0.054942606512695,0.4221824686940966,0.34473572128759816,0.6616090662928127,0.685006686709575
2024-05-03,fold_2,1,0.007068163309021,0.4221824686940966,0.3585650414972464,0.6477313531022094,0.6842999719225602
2024-05-06,fold_2,1,0.0029654565894103,0.4221824686940966,0.34240577492707025,0.636217892540975,0.6968264032898531
2024-05-07,fold_2,1,0.0002078807197172,0.4221824686940966,0.3618397451661332,0.6345724701573852,0.6662697888864361
2024-05-08,fold_2,1,0.0620630112429121,0.4221824686940966,0.3088411807236956,0.5867943278505056,0.6280346277502387
2024-05-09,fold_2,1,0.0443422482997784,0.4221824686940966,0.3101438047411717,0.5976301446429233,0.6634960864355299
2024-05-10,fold_2,1,0.0397700273636745,0.4221824686940966,0.2958814409122974,0.5842951491667792,0.6477431962709936
2024-05-13,fold_2,1,0.0230200343742079,0.4221824686940966,0.26794918906156,0.5266257860867953,0.5938549850043262
2024-05-14,fold_2,1,0.0220282482915521,0.4221824686940966,0.2638061591145437,0.5166539647801255,0.6181450183276839
2024-05-15,fold_2,0,-0.0167529143633581,0.4221824686940966,0.29319316626123587,0.5254289287643582,0.615067753332462
2024-05-16,fold_2,0,-0.0328459511774287,0.4221824686940966,0.2745740076664342,0.5099444533097519,0.5919445868396949
2024-05-17,fold_2,0,-0.0032725979067866,0.4221824686940966,0.2812620004854733,0.520323150835869,0.5901146097248203
2024-05-20,fold_2,0,-0.0383979009900338,0.4221824686940966,0.27631383948296734,0.5254236845204514,0.5968910217983706
2024-05-21,fold_2,0,-0.0864172962032295,0.4221824686940966,0.2753617748860049,0.5141599220760719,0.5872143718534161
2024-05-22,fold_2,0,-0.0643000519325627,0.4221824686940966,0.25925844907519424,0.43257292580917617,0.5326388652561117
2024-05-23,fold_2,0,-0.0244357082771875,0.4221824686940966,0.2695343948845999,0.421845836070309,0.5140253043921008
2024-05-24,fold_2,1,0.0104659946857348,0.4221824686940966,0.26354569901063457,0.42230659713774243,0.4941403537614988
2024-05-28,fold_2,1,0.0940317857450032,0.4221824686940966,0.29056587962766206,0.46651275932226177,0.5211326281427167
2024-05-29,fold_2,1,0.158913898848086,0.4221824686940966,0.291925361560326,0.532091828881273,0.5715712225235744
2024-05-30,fold_2,1,0.1250809943381035,0.4221824686940966,0.2846539471696446,0.5232631286543189,0.5751747054344305
2024-05-31,fold_2,1,0.0396941408187168,0.4221824686940966,0.30025267549702656,0.5281634543003251,0.5728182774090227
2024-06-03,fold_2,0,-0.0257921698163924,0.4221824686940966,0.32542995192452157,0.5335506940824012,0.6177959703054625
2024-06-04,fold_2,0,-0.0304160254498916,0.4221824686940966,0.36196203277744243,0.5685209837106756,0.6337582116367146
2024-06-05,fold_2,0,-0.0293835734584502,0.4221824686940966,0.38441386759693763,0.5953526348377535,0.6420475938293659
2024-06-06,fold_2,1,0.0150288399664164,0.4221824686940966,0.35073531136878966,0.579183153984501,0.6551215896202377
2024-06-07,fold_2,1,0.102082669193211,0.4221824686940966,0.3931492582963189,0.6040492127245091,0.681193068758217
2024-06-10,fold_2,1,0.0902648262636798,0.4221824686940966,0.34560463812285236,0.5287575996594208,0.602759292934442
2024-06-11,fold_2,1,0.0878363898794363,0.4221824686940966,0.352096598600125,0.5703633515085844,0.6564427045883194
2024-06-12,fold_2,1,0.0419470323788779,0.4221824686940966,0.3913838110526107,0.5075529640708175,0.6435860641470814
2024-06-13,fold_2,0,-0.000948996362884,0.4221824686940966,0.3726741792719758,0.5600657369134763,0.6545070134912737
2024-06-14,fold_2,0,-0.0150056375182981,0.4221824686940966,0.39356751061611195,0.5828573261860034,0.6610185890961753
2024-06-17,fold_2,1,0.0229002453457343,0.4221824686940966,0.39397663397092875,0.6021621458186055,0.661126874693229
2024-06-18,fold_2,0,-0.0470876298737712,0.4221824686940966,0.3935191807865174,0.5891611779712486,0.6439157707977574
2024-06-20,fold_2,0,-0.0174073154396687,0.4221824686940966,0.38386118300560457,0.5816169497120244,0.6384274293649216
2024-06-21,fold_2,0,-0.0708708897809264,0.4221824686940966,0.3635931361038129,0.5675099079747143,0.6515868846935491
2024-06-24,fold_2,0,-0.1275243936914447,0.4221824686940966,0.35393532489300167,0.5445633389906446,0.6193757145192216
2024-06-25,fold_2,0,-0.1143988516036834,0.4221824686940966,0.36331663516254487,0.5585920231924887,0.6286522038494013
2024-06-26,fold_2,0,-0.0379920920451544,0.4221824686940966,0.3537654019811715,0.5569920307378097,0.6342726228345946
2024-06-27,fold_2,0,-0.0272799164469659,0.4221824686940966,0.33933596522265363,0.5459664765640497,0.6071255933790967
2024-06-28,fold_2,1,0.0348453580830177,0.4221824686940966,0.3999528901092789,0.5666101769134068,0.6525420272627567
2024-07-01,fold_2,1,0.0760703494239147,0.4221824686940966,0.38959909833688156,0.5989593607481767,0.6547695320639919
2024-07-02,fold_2,1,0.0640561284055218,0.4221824686940966,0.35855016142105356,0.5827879588417529,0.6323833831015154
2024-07-03,fold_2,1,0.0540208563867417,0.4221824686940966,0.37980134753629696,0.6003196453102622,0.6471811383972204
2024-07-05,fold_2,1,0.0414664412239451,0.4221824686940966,0.37956713003789005,0.6007250125032937,0.6737040210918279
2024-07-08,fold_2,1,0.0015939325940688,0.4221824686940966,0.391305058092002,0.6244179485666569,0.6408740183076672
2024-07-09,fold_2,1,0.0569582610980061,0.4221824686940966,0.3846887214832167,0.6361573265196211,0.6544446891854543
2024-07-10,fold_2,1,0.0474000355997066,0.4221824686940966,0.3725096238524361,0.6215935380051325,0.6519653303196489
2024-07-11,fold_2,0,-0.0064064506029388,0.4221824686940966,0.3920545715788658,0.6054993525064781,0.6768038327030254
2024-07-12,fold_2,0,-0.0334679740563379,0.4221824686940966,0.36561440278474683,0.5983601930083429,0.6578946769401808
2024-07-15,fold_2,0,-0.011338748345141,0.4221824686940966,0.3560884072348906,0.5981751021570898,0.6567843637313572
2024-07-16,fold_2,0,-0.0527421446736185,0.4221824686940966,0.38193274285242057,0.6093923379977265,0.6636508757564593
2024-07-17,fold_2,0,-0.0853540805480005,0.4221824686940966,0.3725003054600702,0.5957447491376585,0.6657198439593673
2024-07-18,fold_2,0,-0.0412271641401547,0.4221824686940966,0.3475234914404513,0.5922202809112361,0.6687503550093444
2024-07-19,fold_2,0,-0.0015921949080398,0.4221824686940966,0.3356991702396746,0.596651699224376,0.6647827447337259
2024-07-22,fold_2,1,0.0251509185714482,0.4221824686940966,0.34982894842960194,0.5674312686929253,0.62337439187678
2024-07-23,fold_2,1,0.0383296111195188,0.4221824686940966,0.3279796842268931,0.6054207123416275,0.6735986113328838
2024-07-24,fold_2,1,0.1077243591887349,0.4221824686940966,0.3487758896338063,0.6126595022742027,0.6752839336454179
2024-07-25,fold_2,1,0.1102507173904674,0.4221824686940966,0.35201307122454273,0.6065939460256355,0.6617578422559215
2024-07-26,fold_2,1,0.1841739088607301,0.4221824686940966,0.35101665481297406,0.6168450430744628,0.6753495374731924
2024-07-29,fold_2,1,0.1839056955514926,0.4221824686940966,0.32997952850427653,0.6101529581209681,0.6827861954543414
2024-07-30,fold_2,1,0.0963668245103799,0.4221824686940966,0.3075256923112507,0.5786928402826058,0.6509194153927298
2024-07-31,fold_2,1,0.0365623170931384,0.4221824686940966,0.3417307768846399,0.604383201169653,0.6463998703195155
2024-08-01,fold_2,0,-0.0086269910666012,0.4221824686940966,0.35167149473671605,0.5904051320625102,0.6961504639838537
2024-08-02,fold_2,0,-0.0636256749987953,0.4221824686940966,0.447865091323404,0.6311511951885383,0.7041661439369703
2024-08-05,fold_2,0,-0.0678049191667496,0.4221824686940966,0.4552401152689366,0.6212667271876375,0.7207966870755235
2024-08-06,fold_2,1,0.0154172566892056,0.4221824686940966,0.4362934971824895,0.6496927488806546,0.7354314438353552
2024-08-07,fold_2,1,0.0619999819951342,0.4221824686940966,0.4190578472134568,0.660419037626116,0.7412467331405557
2024-08-08,fold_2,1,0.0540639752173877,0.4221824686940966,0.3956509241720253,0.6486313228086696,0.7231272428147009
2024-08-09,fold_2,1,0.0325364235408931,0.4221824686940966,0.37247542283873286,0.5766627380146497,0.6808029450617301
2024-08-12,fold_2,1,0.0357460008744832,0.4221824686940966,0.361426396114406,0.6027461324402213,0.7078451697823892
2024-08-13,fold_2,1,0.0418849779496375,0.4221824686940966,0.37766654705263153,0.6234454577188622,0.6953993689089946
2024-08-14,fold_2,1,0.0220854446847014,0.4221824686940966,0.4008083480599071,0.6473641401709851,0.7339864722595324
2024-08-15,fold_2,1,0.0173898006819366,0.4221824686940966,0.4029815558627093,0.6491850671884349,0.7001840093043168
2024-08-16,fold_2,1,0.0266365791829035,0.4221824686940966,0.38185376032712426,0.6259500823047498,0.7070526415199502
2024-08-19,fold_2,1,0.0048076249872475,0.4221824686940966,0.3807901468791676,0.6123741330947263,0.6928358375149668
2024-08-20,fold_2,0,-0.0251257209505413,0.4221824686940966,0.3839127963237177,0.6166858896763456,0.7035630984676041
2024-08-21,fold_2,0,-0.0286432940056432,0.4221824686940966,0.3676674831392487,0.5926253070426885,0.7036611397829257
2024-08-22,fold_2,0,-0.0100137646521061,0.4221824686940966,0.38420799388155447,0.6084800759773196,0.6964289549504993
2024-08-23,fold_2,0,-0.0576565132243489,0.4221824686940966,0.3813696519265535,0.6028016682213673,0.6799359431311155
2024-08-26,fold_2,0,-0.0056391765961764,0.4221824686940966,0.3708462617555295,0.5902198749880085,0.6604478477035032
2024-08-27,fold_2,1,0.0371134425981047,0.4221824686940966,0.3637533669025399,0.5981327113407385,0.6770595874707849
2024-08-28,fold_2,1,0.058113414512346,0.4221824686940966,0.35474142954864524,0.6038869602433811,0.677299263411201
2024-08-29,fold_2,1,0.0694104938211137,0.4221824686940966,0.364302782108195,0.6091721309156036,0.6785769541310477
2024-08-30,fold_2,1,0.1162498216109715,0.4221824686940966,0.2991121246674625,0.5633440507789743,0.6621524316810127
2024-09-03,fold_2,1,0.0878158104110384,0.4221824686940966,0.3387953019364023,0.56663237018067,0.6471574196384279
2024-09-04,fold_2,1,0.0462225202573016,0.4221824686940966,0.31540226671501775,0.5662575097836611,0.6644510840882685
2024-09-05,fold_2,1,0.0148304702599257,0.4221824686940966,0.31542996113134447,0.5438315087846779,0.6423785370613164
2024-09-06,fold_2,1,0.0226679500965965,0.4221824686940966,0.33390446593332623,0.5514803999099241,0.6483527078960575
2024-09-09,fold_2,1,0.0370787738560296,0.4221824686940966,0.30705396264805523,0.5557858330622327,0.6155826442455202
2024-09-10,fold_2,1,0.0018957552199492,0.4221824686940966,0.29954954400070877,0.5376430300998285,0.6382665638588877
2024-09-11,fold_2,0,-0.0316704850602987,0.4221824686940966,0.2957800874281719,0.5265183253607028,0.6639498626295111
2024-09-12,fold_2,0,-0.0282639603568481,0.4221824686940966,0.28481685565020254,0.518406541819612,0.6325824521610028
2024-09-13,fold_2,0,-0.0464040365021432,0.4221824686940966,0.2682304137136641,0.5270628808898107,0.6544653271939945
2024-09-16,fold_2,0,-0.0778796368568888,0.4221824686940966,0.2773254197153256,0.5133164642890209,0.6335280663713408
2024-09-17,fold_2,0,-0.064092283167445,0.4221824686940966,0.2775585823098658,0.5144290277858711,0.6480361927100053
2024-09-18,fold_2,0,-0.0550493660633217,0.4221824686940966,0.2974327372009965,0.5222450767178235,0.6230663477539525
2024-09-19,fold_2,0,-0.0393945011585707,0.4221824686940966,0.29566667283626463,0.5417369136041137,0.6345816811465058
2024-09-20,fold_2,0,-0.0141755547850908,0.4221824686940966,0.27168423638143746,0.5340137520372749,0.6250488104854138
2024-09-23,fold_2,0,-0.0191050461551497,0.4221824686940966,0.26811025284574763,0.5204513398762655,0.6233744074190624
2024-09-24,fold_2,0,0.0,0.4221824686940966,0.26999152991299175,0.5302142143041482,0.6241304970248461
2024-09-25,fold_2,1,0.0019176695332341,0.4221824686940966,0.27626865406882123,0.5595788950960487,0.624782161029118
2024-09-26,fold_2,0,-0.0320622602408144,0.4221824686940966,0.28339421162997847,0.5671890493550751,0.6494956951473179
2024-09-27,fold_2,0,-0.0833903022625759,0.4221824686940966,0.28405313500454865,0.5759737124647512,0.6407837858021377
2024-09-30,fold_2,0,-0.0914127641712791,0.4221824686940966,0.2761278217548113,0.5167248488305114,0.5680464023818932
2024-10-01,fold_2,0,-0.1055669074288826,0.4221824686940966,0.2655772163380586,0.5773926611875219,0.6699184977605396
2024-10-02,fold_2,0,-0.0991821232827585,0.4221824686940966,0.25754220436444797,0.5871451044515476,0.6498998333669824
2024-10-03,fold_2,0,-0.0854073151523761,0.4221824686940966,0.24954255284111754,0.5111833817139669,0.5737158523618013
2024-10-04,fold_2,0,-0.0585383578669259,0.4221824686940966,0.2713924674871369,0.5185998770631031,0.5827694231411217
2024-10-07,fold_2,0,-0.0369665288596012,0.4221824686940966,0.25326230485613294,0.512609897719297,0.5791140335173477
2024-10-08,fold_2,0,-0.0049336820216818,0.4221824686940966,0.23950065738550422,0.49388421325180043,0.5175486853785797
2024-10-09,fold_2,1,0.0229861810859348,0.4221824686940966,0.23988203661564733,0.5107337973054201,0.5512479875018124
2024-10-10,fold_2,0,-0.0109633449287798,0.4221824686940966,0.25430124372017354,0.5187315653880229,0.5278264757971773
2024-10-11,fold_2,1,0.0019801609319343,0.4221824686940966,0.24524094900906815,0.5657137038528444,0.5710960419220685
2024-10-14,fold_2,0,-0.0518400450064548,0.4221824686940966,0.23790689924541983,0.5657137038528444,0.527419195526354
2024-10-15,fold_2,0,-0.0839054273682834,0.4221824686940966,0.28036280912691425,0.5803210486287969,0.6095810469340702
2024-10-16,fold_2,0,-0.1000755319700662,0.4221824686940966,0.2701115613361838,0.5944352104095081,0.605984061316982
2024-10-17,fold_2,0,-0.0397862916824215,0.4221824686940966,0.2886919184303578,0.6104032159136957,0.6038906395171958
2024-10-18,fold_2,0,-0.058695640639801,0.4221824686940966,0.2834045836886506,0.6265796086513852,0.635881139180993
2024-10-21,fold_2,0,-0.0137729906099984,0.4221824686940966,0.3060637445017124,0.6589580855827872,0.6787944875758528
2024-10-22,fold_2,0,-0.0135302683364655,0.4221824686940966,0.2905267805594636,0.6379695781467081,0.6630750599642647
2024-10-23,fold_2,1,0.0033570848807427,0.4221824686940966,0.28339222747982973,0.6342612110517307,0.6561735398573403
2024-10-24,fold_2,0,-0.0098946153478073,0.4221824686940966,0.30248410240341567,0.6098759381640836,0.639492364080376
2024-10-25,fold_2,0,-0.0342221565108656,0.4221824686940966,0.28711754482836094,0.6057231539365013,0.6213121012743857
2024-10-28,fold_2,1,0.016716085497257,0.4221824686940966,0.302421372601614,0.6314621850548566,0.6297409775974251
2024-10-29,fold_2,1,0.0297531560576922,0.4221824686940966,0.306118628779133,0.632925551102733,0.6511370668626622
2024-10-30,fold_2,0,-0.0612713894279419,0.4221824686940966,0.3114109485150269,0.674806095597055,0.7013118392392315
2024-10-31,fold_2,0,-0.0331044697621297,0.4221824686940966,0.30998688444435085,0.6601350755768158,0.6997872931064703
2024-11-01,fold_2,1,0.0469565785792349,0.4221824686940966,0.3207801379242049,0.6347199298730704,0.6666701759129922
2024-11-04,fold_2,0,-0.0114464108840571,0.4221824686940966,0.3387921337941707,0.695244080155878,0.7208774791474192
2024-11-05,fold_2,0,-0.0711065162726962,0.4221824686940966,0.34394410262278136,0.6947875609317574,0.7462940259015263
2024-11-06,fold_2,0,-0.0175988066821602,0.4221824686940966,0.39669828569674515,0.6805614888249343,0.7294147998912978
2024-11-07,fold_2,0,-0.0350989941299192,0.4221824686940966,0.3841840678950011,0.7270837053160578,0.7713706156170139
2024-11-08,fold_2,0,-0.0784883770791603,0.4221824686940966,0.42418484373571375,0.7479717645720437,0.7757134338334889
2024-11-11,fold_2,0,-0.0618946753341611,0.4221824686940966,0.39142004236371813,0.7479717645720437,0.8547011736627342
2024-11-12,fold_2,0,-0.0017650028660454,0.4221824686940966,0.3835180991687294,0.7087615121690357,0.8004407707999066
2024-11-13,fold_2,1,0.0167803538889421,0.4221824686940966,0.40879758484105827,0.7330748891139278,0.608238669477574
2024-11-14,fold_2,0,-0.0044631137991245,0.4221824686940966,0.384162305882354,0.7651983574901091,0.8491003430755345
2024-11-15,fold_2,1,0.0074356147295082,0.4221824686940966,0.3805206508079005,0.6995796802364357,0.7988065905095059
2024-11-18,fold_2,1,0.0794432172258483,0.4221824686940966,0.36194816267624375,0.7248573720276397,0.7532077144000018
2024-11-19,fold_2,1,0.052817798106955,0.4221824686940966,0.37315536278815586,0.7338787368917558,0.7694639301212234
2024-11-20,fold_2,1,0.0842997357507302,0.4221824686940966,0.37999545293946213,0.7537027699479888,0.7735986600059268
2024-11-21,fold_2,1,0.116117140589836,0.4221824686940966,0.36942400714833906,0.7315805418093642,0.7356560535681186
2024-11-22,fold_2,1,0.1252518836364806,0.4221824686940966,0.36891430505794853,0.7328398216221328,0.7368191677043581
2024-11-25,fold_2,1,0.019958599336219,0.4221824686940966,0.44425295118820224,0.7681601416404407,0.8005328534477412
2024-11-26,fold_2,1,0.0615027981235503,0.4221824686940966,0.42605121234998483,0.7633479202244616,0.7841934240283263
2024-11-27,fold_2,1,0.0460714418903991,0.4221824686940966,0.4421894140391916,0.7627944590162307,0.7827705974064755
2024-11-29,fold_2,1,0.0236997777082992,0.4221824686940966,0.4466729381536724,0.7699535748729607,0.8160144700821375
2024-12-02,fold_2,0,-0.0119261627105582,0.4221824686940966,0.4411739243926831,0.7620275742169333,0.7996458877185877
2024-12-03,fold_2,0,-0.0036689249048189,0.4221824686940966,0.39574893060644006,0.7317857523841809,0.7966174763450177
2024-12-04,fold_2,0,-0.0607078838958484,0.4221824686940966,0.4140546849908782,0.7376017305518243,0.7998090760288791
2024-12-05,fold_2,0,-0.1004717091453396,0.4221824686940966,0.3431110692848314,0.7214612265840546,0.8167202564292277
2024-12-06,fold_2,0,-0.1261526707944579,0.4221824686940966,0.3288979466345346,0.6606178048377908,0.7302954551076323
2024-12-09,fold_2,0,-0.1013881169834638,0.4221824686940966,0.31866037521581686,0.6549521960503019,0.7363362467411647
2024-12-10,fold_2,0,-0.0787644051628789,0.4221824686940966,0.3221789496039635,0.6649008522655969,0.7322838941668783
2024-12-11,fold_2,0,-0.0869472820170358,0.4221824686940966,0.30386554955619194,0.6419063766365609,0.7124378940034891
2024-12-12,fold_2,0,-0.09573790702518,0.4221824686940966,0.30468741681316397,0.6409580658016936,0.6977344846963864
2024-12-13,fold_2,0,-0.0565783878049463,0.4221824686940966,0.30251482659062334,0.6558692738047,0.7085729488900084
2024-12-16,fold_2,0,-0.0857559992806457,0.4221824686940966,0.30514192126698186,0.6661636491217159,0.7202924709060325
2024-12-17,fold_2,0,-0.0829457357941823,0.4221824686940966,0.3103823631528067,0.6717785847177047,0.7115328716795236
2024-12-18,fold_2,0,-0.0499464406864886,0.4221824686940966,0.3344457314321741,0.6487557003609873,0.7054806147125096
2024-12-19,fold_2,0,-0.0280046168850959,0.4221824686940966,0.36534313810704155,0.7353418485771084,0.7764008301650055
2024-12-20,fold_2,0,-0.0203875638376893,0.4221824686940966,0.34653019408879465,0.740574111608228,0.7698193873854636
2024-12-23,fold_2,0,-0.0089262688032564,0.4221824686940966,0.3472523490821492,0.7484377793303068,0.7726497846862929
2025-01-02,fold_3,0,-0.0735219341360455,0.42293464858199753,0.36268961942459305,0.5012308268549501,0.5072096277676361
2025-01-03,fold_3,0,-0.0687923724214035,0.42293464858199753,0.3457624261228272,0.4781171881124827,0.4741285420951379
2025-01-06,fold_3,0,-0.0607060449943309,0.42293464858199753,0.3460498282590087,0.48183896922085623,0.48177879744874547
2025-01-07,fold_3,1,0.0234332814841828,0.42293464858199753,0.32679316146351706,0.48336621244455363,0.4781646761874483
2025-01-08,fold_3,1,0.0315045182911308,0.42293464858199753,0.33777898469945483,0.4870503693812054,0.4664503784514715
2025-01-10,fold_3,1,0.0557639045624496,0.42293464858199753,0.3379773111374342,0.48033757255663617,0.4919697800396865
2025-01-13,fold_3,1,0.090590509076613,0.42293464858199753,0.35970480881803146,0.476698734711663,0.5142946109678074
2025-01-14,fold_3,1,0.0776094871027885,0.42293464858199753,0.3573019983699466,0.48184788728681366,0.5481203584808426
2025-01-15,fold_3,1,0.0015434692958848,0.42293464858199753,0.38917318843822757,0.5425963684619287,0.5404777187186508
2025-01-16,fold_3,1,0.00127252653822,0.42293464858199753,0.3918426660460043,0.5546812232635461,0.5773239153386931
2025-01-17,fold_3,1,0.0363128734644533,0.42293464858199753,0.41884027796095075,0.5407570941731191,0.577740890579936
2025-01-21,fold_3,1,0.0039554499388587,0.42293464858199753,0.4243078286328616,0.517808333617602,0.5316529786827248
2025-01-22,fold_3,1,0.0130491001165904,0.42293464858199753,0.41329658905909983,0.5220090471971595,0.5562067381847181
2025-01-23,fold_3,1,0.0493195113980884,0.42293464858199753,0.3880994861443335,0.5086054782098857,0.5367462537944309
2025-01-24,fold_3,1,0.0142348474032776,0.42293464858199753,0.37871435013975463,0.47952361074224664,0.48177663323439207
2025-01-27,fold_3,1,0.0034306255062233,0.42293464858199753,0.3771406131951104,0.5381437412193625,0.5455575022533378
2025-01-28,fold_3,1,0.0167445560306254,0.42293464858199753,0.3778521397075524,0.5152492102947552,0.5336915750073048
2025-01-29,fold_3,1,0.0730740513599776,0.42293464858199753,0.37399304223386026,0.508339388126037,0.51985988896273
2025-01-30,fold_3,1,0.061689294278707,0.42293464858199753,0.38262284613013964,0.5217864243095534,0.5411514713211272
2025-01-31,fold_3,1,0.0631577720670442,0.42293464858199753,0.3763400757768751,0.5406676055587437,0.5479816482090399
2025-02-03,fold_3,1,0.0256409771161525,0.42293464858199753,0.3409835452623022,0.5101225107338957,0.46372575794821275
2025-02-04,fold_3,0,-0.0019374411867615,0.42293464858199753,0.3637416509734881,0.5356257049359331,0.5243699980629429
2025-02-05,fold_3,0,-0.0872577300096688,0.42293464858199753,0.3598470704286405,0.5521179410611616,0.5148685300248529
2025-02-06,fold_3,0,-0.0451927216751154,0.42293464858199753,0.3515873438632952,0.5477700026638501,0.5038381672869356
2025-02-07,fold_3,0,-0.0077793763595301,0.42293464858199753,0.3669229860992448,0.5634392164052697,0.5489710199457081
2025-02-10,fold_3,0,-0.0333334660552524,0.42293464858199753,0.3610204177117635,0.5447690994015981,0.5368783965526279
2025-02-11,fold_3,0,-0.0111622340422899,0.42293464858199753,0.3631268973296464,0.5543041689966702,0.5477668019776475
2025-02-12,fold_3,1,0.0386948922313128,0.42293464858199753,0.33348263209988854,0.5619851328713142,0.5218712385949085
2025-02-13,fold_3,1,0.0289784839637108,0.42293464858199753,0.3450707406261828,0.5396388547167177,0.5227932374770744
2025-02-14,fold_3,1,0.0201948119656363,0.42293464858199753,0.3616671651253051,0.5651335136372464,0.5604253522395997
2025-02-18,fold_3,1,0.1115765085653703,0.42293464858199753,0.37489846588103287,0.5953257175963527,0.5938990183318978
2025-02-19,fold_3,1,0.1258895849212598,0.42293464858199753,0.3834421229432558,0.5981576386374436,0.6078837905959654
2025-02-20,fold_3,1,0.0954470301934373,0.42293464858199753,0.402934052065032,0.6061409327768442,0.6246608927721303
2025-02-21,fold_3,1,0.0931707810632049,0.42293464858199753,0.37463926368902395,0.5927079435605067,0.5711184076927864
2025-02-24,fold_3,1,0.0999068170765069,0.42293464858199753,0.3692725682051165,0.5937040973344527,0.567350890142544
2025-02-25,fold_3,1,0.0079768761782501,0.42293464858199753,0.3835481272501318,0.614406613889017,0.5785986666974342
2025-02-26,fold_3,0,-0.0322582050368196,0.42293464858199753,0.3895045483018817,0.6113189388321221,0.5783686020221237
2025-02-27,fold_3,0,-0.0240054562511717,0.42293464858199753,0.39178130721032767,0.618926575723635,0.5878530592183675
2025-02-28,fold_3,0,-0.0671962180389376,0.42293464858199753,0.3830183476373824,0.6176638745959409,0.5600667621904097
2025-03-03,fold_3,0,-0.0510268736894367,0.42293464858199753,0.3732006826335328,0.6028150700472684,0.5659236186295535
2025-03-04,fold_3,0,-0.0364915105244677,0.42293464858199753,0.3494742309905487,0.6115751293521663,0.5653663143929039
2025-03-05,fold_3,0,-0.0310809727061296,0.42293464858199753,0.35452024143425453,0.6128977589560891,0.5756395582195699
2025-03-06,fold_3,1,0.0043268787311909,0.42293464858199753,0.34964605715556923,0.5936284356454946,0.5795320202356204
2025-03-07,fold_3,0,-0.0016112318366796,0.42293464858199753,0.33633510847258913,0.5951647655934728,0.5730416773969152
2025-03-10,fold_3,0,-0.0180721789657885,0.42293464858199753,0.34043018702761807,0.5982640770973349,0.5670063804914166
2025-03-11,fold_3,1,0.0084416515608813,0.42293464858199753,0.36373543993464397,0.6201116100605392,0.6036559013002083
2025-03-12,fold_3,1,0.0416084882427201,0.42293464858199753,0.37672205056524977,0.6232134818265682,0.6092389989694086
2025-03-13,fold_3,1,0.0195013391505314,0.42293464858199753,0.3712198690631814,0.609724397708604,0.5755375576847174
2025-03-14,fold_3,1,0.0161366285069279,0.42293464858199753,0.37224247735242705,0.5848235564182939,0.5756249929764597
2025-03-17,fold_3,0,-0.0299933781371017,0.42293464858199753,0.35667303577194187,0.5476472046311379,0.4950502206356369
2025-03-18,fold_3,0,-0.0342083436533023,0.42293464858199753,0.35964655168706516,0.5528863140055134,0.5272298055855644
2025-03-19,fold_3,0,-0.065779628754454,0.42293464858199753,0.3658989576936688,0.5578488426342907,0.5289901943551995
2025-03-20,fold_3,0,-0.0776296461339492,0.42293464858199753,0.3495307565828021,0.5570563136221641,0.527452267443027
2025-03-21,fold_3,0,-0.0224433263191673,0.42293464858199753,0.35971987278745765,0.5535919600710478,0.5431344162897453
2025-03-24,fold_3,1,0.0376869341528203,0.42293464858199753,0.3574685612119321,0.5621763791436938,0.556508553012856
2025-03-25,fold_3,1,0.0646225730931349,0.42293464858199753,0.3369269347985531,0.5192767194954111,0.5161456067670437
2025-03-26,fold_3,1,0.0834535085395442,0.42293464858199753,0.32519159321986996,0.5159128943383097,0.5114294511296312
2025-03-27,fold_3,1,0.1094925437843299,0.42293464858199753,0.32582139054602066,0.5173192637132487,0.4974143352419995
2025-03-28,fold_3,1,0.1023364002972939,0.42293464858199753,0.3234759155333821,0.5492636843296937,0.5276359547208512
2025-03-31,fold_3,0,-0.0261363033697602,0.42293464858199753,0.3559046246440525,0.547708972485244,0.5352334335114898
2025-04-01,fold_3,0,-0.1047850667555059,0.42293464858199753,0.3502178931273667,0.546682077786421,0.526639208001935
2025-04-02,fold_3,0,-0.0859045013534608,0.42293464858199753,0.3522449609188379,0.5468909909034158,0.5150798398982159
2025-04-03,fold_3,0,-0.1735229343988457,0.42293464858199753,0.33918613300775236,0.5729654445327892,0.5619152216450278
2025-04-04,fold_3,0,-0.1880033048898253,0.42293464858199753,0.2981390941771463,0.5695381749536269,0.5158107643802156
2025-04-07,fold_3,0,-0.0879812460468357,0.42293464858199753,0.3371256769421455,0.6434571994554205,0.6416419635890181
2025-04-08,fold_3,0,-0.0227666268859737,0.42293464858199753,0.3456693683743309,0.6759530366181066,0.6608572128221776
2025-04-09,fold_3,0,-0.0240408226388602,0.42293464858199753,0.312765437398991,0.662530818609661,0.5848044182721583
2025-04-10,fold_3,1,0.0352128742569886,0.42293464858199753,0.36412150966936857,0.7115559102296077,0.6655800167110176
2025-04-11,fold_3,0,-0.032628408695551,0.42293464858199753,0.34112503927293913,0.6937103405111755,0.5905084090065078
2025-04-14,fold_3,0,-0.0363357502984275,0.42293464858199753,0.4213547683902874,0.7276466759171922,0.6889022201761372
2025-04-15,fold_3,0,-0.0189921660700412,0.42293464858199753,0.4590540678697955,0.7282090399961314,0.7016758855629475
2025-04-16,fold_3,0,-0.0084597540236097,0.42293464858199753,0.4532882301163365,0.7432890956370576,0.762939246017697
2025-04-17,fold_3,1,0.0386190297088588,0.42293464858199753,0.49060837014080566,0.7717195657429003,0.7778987546242545
2025-04-21,fold_3,1,0.1181865336800109,0.42293464858199753,0.47555367054150327,0.7857535517465035,0.8031816443817851
2025-04-22,fold_3,1,0.1266595782263251,0.42293464858199753,0.4727898021629369,0.7814480106482862,0.7872960472586232
2025-04-23,fold_3,1,0.0738253819358389,0.42293464858199753,0.46470492422899945,0.7807472582608799,0.7753765377892465
2025-04-24,fold_3,1,0.0233373615444338,0.42293464858199753,0.47883999717440806,0.7818906186589277,0.7736109784719964
2025-04-25,fold_3,0,-0.0263481195983062,0.42293464858199753,0.496554718874139,0.7873531806633718,0.7791205719819086
2025-04-28,fold_3,0,-0.0646719647118515,0.42293464858199753,0.5274482517985787,0.7969594426754268,0.7952167460023077
2025-04-29,fold_3,0,-0.0789535369896342,0.42293464858199753,0.5234548939270091,0.7914334070727294,0.7881030363535219
2025-04-30,fold_3,0,-0.0478364594056944,0.42293464858199753,0.48721587575964764,0.7767029062978759,0.7860500149082912
2025-05-01,fold_3,0,-0.0598332051131254,0.42293464858199753,0.47359990835860466,0.7774965068958746,0.7642977550383522
2025-05-02,fold_3,0,-0.0273143072600854,0.42293464858199753,0.4570363104831194,0.7489732963277265,0.7347491491934959
2025-05-05,fold_3,0,-0.034313484168382,0.42293464858199753,0.4701768414526066,0.7304609901176164,0.7250077386103655
2025-05-06,fold_3,0,-0.0555271684396088,0.42293464858199753,0.41885918402330957,0.69727871682568,0.6925913189978454
2025-05-07,fold_3,0,-0.0860894172555015,0.42293464858199753,0.4096298269492318,0.6473888949976015,0.6306092391705038
2025-05-08,fold_3,0,-0.0326028816955334,0.42293464858199753,0.40832908767456494,0.6595336297768722,0.6720379944448623
2025-05-09,fold_3,0,-0.0278211472994688,0.42293464858199753,0.3810851363716325,0.6038802768776831,0.6217871679012378
2025-05-12,fold_3,0,-0.0106867390098227,0.42293464858199753,0.3615611401496688,0.6199009417422723,0.6136552353731106
2025-05-13,fold_3,0,-0.0195069389396579,0.42293464858199753,0.3346833274688962,0.6171961875126808,0.572540340206489
2025-05-14,fold_3,0,-0.0502759609615709,0.42293464858199753,0.33536447103788286,0.6101852191167368,0.5656866769581015
2025-05-15,fold_3,0,-0.0595847884735093,0.42293464858199753,0.3547012238822702,0.6417104774609999,0.6225246633948713
2025-05-16,fold_3,0,-0.0641879643801579,0.42293464858199753,0.3563833871799868,0.6109118764576666,0.593921212920276
2025-05-19,fold_3,0,-0.0137727345630563,0.42293464858199753,0.33191840887162427,0.603257507475019,0.5857833956345482
2025-05-20,fold_3,0,-0.0071843444025462,0.42293464858199753,0.35000021809227094,0.6135303659344754,0.6350760649684923
2025-05-21,fold_3,1,0.0744615238134291,0.42293464858199753,0.3239863198653898,0.6530025389368818,0.636783750326874
2025-05-22,fold_3,1,0.0590594608695631,0.42293464858199753,0.32411693977298844,0.6351152979914154,0.6135162255984264
2025-05-23,fold_3,1,0.028579460617041,0.42293464858199753,0.33090093324016784,0.6245705757324329,0.6152038693440527
2025-05-27,fold_3,0,-0.0183461293983353,0.42293464858199753,0.34792516820320274,0.6586049756098189,0.6586222366020582
2025-05-28,fold_3,1,0.0453660488606366,0.42293464858199753,0.36417095618986045,0.6529286714789161,0.6664402953617993
2025-05-29,fold_3,1,0.0181375369290432,0.42293464858199753,0.3982684558322862,0.6841418195284338,0.7023686678761627
2025-05-30,fold_3,0,-0.020573883201461,0.42293464858199753,0.4006144984394851,0.6667439915421307,0.6921510012083089
2025-06-02,fold_3,1,0.0080577076946144,0.42293464858199753,0.39805858255987525,0.6719848300215269,0.6922720579084617
2025-06-03,fold_3,1,0.0253836855213331,0.42293464858199753,0.3758109806979249,0.6560902129928262,0.6707856880875555
2025-06-04,fold_3,0,-0.0122471714023705,0.42293464858199753,0.39270058220677945,0.6840107942312362,0.6792157979182684
2025-06-05,fold_3,1,0.0215368205867092,0.42293464858199753,0.3901112484322577,0.6696329782111856,0.6739802846944875
2025-06-06,fold_3,1,0.0281923900456029,0.42293464858199753,0.3901490914983177,0.6595677627467856,0.6537195201811612
2025-06-09,fold_3,0,-0.0013780743139498,0.42293464858199753,0.42059431231253447,0.6921664808710747,0.7294022072641743
2025-06-10,fold_3,1,0.0201306364349311,0.42293464858199753,0.4202747345252697,0.6810894593027523,0.7022064772682207
2025-06-11,fold_3,1,0.0129381361343994,0.42293464858199753,0.38498177393841276,0.6466270409555535,0.6481220289921119
2025-06-12,fold_3,0,-0.0273295217230887,0.42293464858199753,0.38499169178207315,0.6710997073805693,0.6622919801630116
2025-06-13,fold_3,1,0.0158602273494556,0.42293464858199753,0.4042098598957001,0.680694182568147,0.6976291901951559
2025-06-16,fold_3,1,0.0648511574924892,0.42293464858199753,0.4116357313685249,0.6898846809620255,0.7022462465509689
2025-06-17,fold_3,1,0.0309421856809866,0.42293464858199753,0.41479474472195615,0.6983839824771657,0.7121752864530329
2025-06-18,fold_3,1,0.0432560357277957,0.42293464858199753,0.40406747967684925,0.6948294660623144,0.6997635430769211
2025-06-20,fold_3,1,0.0299355983791511,0.42293464858199753,0.36550281835102444,0.6440628745214261,0.6430364361661518
2025-06-23,fold_3,1,0.0484130851994226,0.42293464858199753,0.37127382234847384,0.6522603025197723,0.6464951691907751
2025-06-24,fold_3,1,0.032975783448409,0.42293464858199753,0.38526579951680573,0.6683249720182706,0.6639362526048825
2025-06-25,fold_3,1,0.0112302410035622,0.42293464858199753,0.36147506919110056,0.6297317184482483,0.6133608382379203
2025-06-26,fold_3,0,-0.0221479184259223,0.42293464858199753,0.35489008974248293,0.6270141049585926,0.601586336251984
2025-06-27,fold_3,0,-0.0346273545101135,0.42293464858199753,0.3558902769473482,0.6325213931302103,0.6096637410956245
2025-06-30,fold_3,0,-0.0657493120863187,0.42293464858199753,0.346814599487309,0.6435664580341085,0.6094891321145447
2025-07-01,fold_3,0,-0.0438308201239598,0.42293464858199753,0.33056854918588086,0.6178338725192905,0.563707225252908
2025-07-02,fold_3,0,-0.0232438992316351,0.42293464858199753,0.34735954338944236,0.629530999119424,0.596529696804691
2025-07-03,fold_3,0,-0.0460889264713062,0.42293464858199753,0.32962485188753804,0.5821610718174561,0.5467814622971601
2025-07-07,fold_3,0,-0.0198369681954742,0.42293464858199753,0.34808049343185354,0.602811763337152,0.5872853063706313
2025-07-08,fold_3,0,-0.0381888389187626,0.42293464858199753,0.3238966481240601,0.5620010451505296,0.5209944736976133
2025-07-09,fold_3,0,-0.0633280854695839,0.42293464858199753,0.3309594214196563,0.5960863590295802,0.5789388778312653
2025-07-10,fold_3,0,-0.0647804347064983,0.42293464858199753,0.33783094730251495,0.5788254732991798,0.5629028108578001
2025-07-11,fold_3,0,-0.0207068596658525,0.42293464858199753,0.35542976028316764,0.6400523933577057,0.6365505767854748
2025-07-14,fold_3,1,0.0091489786783021,0.42293464858199753,0.36347368841087047,0.6315654712887203,0.6372540990912368
2025-07-15,fold_3,1,0.0499150228360125,0.42293464858199753,0.34505907670450536,0.6284417686219577,0.6363903044892129
2025-07-16,fold_3,1,0.0299858627924702,0.42293464858199753,0.3122542338704108,0.6111742636879705,0.5884895139062754
2025-07-17,fold_3,1,0.0243142681437278,0.42293464858199753,0.3289645684209949,0.5787246153319644,0.5741277231064266
2025-07-18,fold_3,1,0.0391880400810271,0.42293464858199753,0.3514684144622678,0.5970981993858014,0.6203628727790063
2025-07-21,fold_3,0,-0.0057693242544759,0.42293464858199753,0.34416506616796183,0.6138267539572619,0.6239887252602239
2025-07-22,fold_3,1,0.0256617745960971,0.42293464858199753,0.35927992367524186,0.6215827273647626,0.6335049657637383
2025-07-23,fold_3,1,0.0222467653846929,0.42293464858199753,0.3570743812273123,0.6271500975584416,0.6338881961915895
2025-07-24,fold_3,1,0.0328456931205751,0.42293464858199753,0.3577021990230912,0.623731789160044,0.6332492903873453
2025-07-25,fold_3,1,0.0577863072809141,0.42293464858199753,0.3560327389550383,0.6270134057081126,0.6280127845222847
2025-07-28,fold_3,1,0.0831720612211297,0.42293464858199753,0.3441116858329776,0.597174388298525,0.5868543011426665
2025-07-29,fold_3,1,0.042665190328619,0.42293464858199753,0.333493758193543,0.6310315616310781,0.5917238144050389
2025-07-30,fold_3,1,0.0451368975185357,0.42293464858199753,0.3590027690892198,0.6354537827755123,0.63672853730044
2025-07-31,fold_3,1,0.0363442769553441,0.42293464858199753,0.36233600460299914,0.6308199390219567,0.6269643431591515
2025-08-01,fold_3,0,-0.0202615674535547,0.42293464858199753,0.33387596610121884,0.6510208836845999,0.6093220232964395
2025-08-04,fold_3,0,-0.0234693334425153,0.42293464858199753,0.3500560667760332,0.6440557244741448,0.6164262925605544
2025-08-05,fold_3,0,-0.0474867375907297,0.42293464858199753,0.3410144566731149,0.6243083401391941,0.5940075037858467
2025-08-06,fold_3,0,-0.0056553842294533,0.42293464858199753,0.34182378022936794,0.6174499996045277,0.593187107476319
2025-08-07,fold_3,0,-0.0273336805682733,0.42293464858199753,0.35071167037328793,0.6153598241766572,0.6120793063988832
2025-08-08,fold_3,0,-0.0335080217936747,0.42293464858199753,0.32275164054071454,0.5593804619551666,0.5342075323090373
2025-08-11,fold_3,0,-0.0438872347388148,0.42293464858199753,0.32547619217743856,0.5558408122769053,0.5383908663577124
2025-08-12,fold_3,0,-0.0127286395187191,0.42293464858199753,0.30340143409301484,0.578828384619016,0.5524743269452559
2025-08-13,fold_3,0,-0.0323164803666056,0.42293464858199753,0.32254991623871865,0.5942161431796428,0.5668980730696475
2025-08-14,fold_3,0,-0.0222692917627406,0.42293464858199753,0.33011100862467196,0.6035452652571921,0.5794626171229994
2025-08-15,fold_3,1,0.0192309447899485,0.42293464858199753,0.34511405237271586,0.6177406572786748,0.6161201113132597
2025-08-18,fold_3,1,0.0202185665347016,0.42293464858199753,0.3448990381607017,0.6046332458802492,0.6025962176162384
2025-08-19,fold_3,0,-0.0005371483801268,0.42293464858199753,0.3499418668359347,0.5905420332793703,0.5893226640928957
2025-08-20,fold_3,0,-0.0098850047590854,0.42293464858199753,0.3338550919050517,0.5741483700129818,0.5618941578204895
2025-08-21,fold_3,1,0.0252168331266182,0.42293464858199753,0.34258471095678933,0.5809029799712563,0.5750033630295703
2025-08-22,fold_3,0,-0.0186022676345302,0.42293464858199753,0.33497130083700605,0.6158217811672618,0.5996461129249347
2025-08-25,fold_3,0,-0.0316014047647753,0.42293464858199753,0.358786443818968,0.608733071362755,0.619926770344481
2025-08-26,fold_3,1,0.0018811375549894,0.42293464858199753,0.3180632111792195,0.5668969627437045,0.5642526894682303
2025-08-27,fold_3,1,0.0280625460887258,0.42293464858199753,0.307003889066533,0.5637054946229072,0.5577555652572562
2025-08-28,fold_3,1,0.0534249697925688,0.42293464858199753,0.32191911271814905,0.5665229635505802,0.5532073671140225
2025-08-29,fold_3,1,0.120498234382288,0.42293464858199753,0.2979775651612428,0.5422412467466401,0.5353303796054596
2025-09-02,fold_3,1,0.1252765492249299,0.42293464858199753,0.29963948185452016,0.5476567719276051,0.5352436746072171
2025-09-03,fold_3,1,0.1113197817823075,0.42293464858199753,0.31212172280125755,0.5845605442572261,0.5687594393606373
2025-09-04,fold_3,1,0.1065616241203422,0.42293464858199753,0.3236226221442608,0.592826336117827,0.574843737335369
2025-09-05,fold_3,1,0.0456943462376031,0.42293464858199753,0.3057738242695412,0.6139180807319139,0.5570720034206558
2025-09-08,fold_3,1,0.0135330377168034,0.42293464858199753,0.3351343503150097,0.6401171828891722,0.5818414468156259
2025-09-09,fold_3,1,0.0358810741996922,0.42293464858199753,0.36766928556936546,0.6478660669362307,0.6244741821009063
2025-09-10,fold_3,1,0.0096549557396046,0.42293464858199753,0.35663045129923154,0.6301067989913932,0.589750756971024
2025-09-11,fold_3,0,-0.0377134764813622,0.42293464858199753,0.33523850915560266,0.6203424384120173,0.5699066002370551
2025-09-12,fold_3,0,-0.03217288374281,0.42293464858199753,0.3252730789643448,0.6026361909713339,0.5656346199827242
2025-09-15,fold_3,0,-0.0503099983496732,0.42293464858199753,0.3069445617199195,0.5764029104607946,0.5300046570824776
2025-09-16,fold_3,0,-0.0359865520690373,0.42293464858199753,0.30462886946684115,0.575078793832181,0.5222829857785086
2025-09-17,fold_3,0,-0.0399634074118694,0.42293464858199753,0.29109828826857226,0.5685650500484664,0.5177008510870496
2025-09-18,fold_3,0,-0.0098979946470382,0.42293464858199753,0.30461304987380017,0.5833891411164674,0.5460717259083793
2025-09-19,fold_3,0,-0.0080230016404146,0.42293464858199753,0.31699659652169976,0.588120931792396,0.5571810825370901
2025-09-22,fold_3,1,0.0282815555077156,0.42293464858199753,0.3186967512481934,0.582745302118423,0.5548396312804939
2025-09-23,fold_3,0,-0.000994590482405,0.42293464858199753,0.3215638025315931,0.5893747638132777,0.5593521183855905
2025-09-24,fold_3,1,0.018868073459193,0.42293464858199753,0.329365434412317,0.5941574024502476,0.56212173715278
2025-09-25,fold_3,1,0.026408458969815,0.42293464858199753,0.3374125242483615,0.5719507552527314,0.5400278904704997
2025-09-26,fold_3,1,0.0234965364488919,0.42293464858199753,0.3440773588749673,0.5804001645985254,0.5609843607883584
2025-09-29,fold_3,0,-0.0224468620702864,0.42293464858199753,0.34029449177611193,0.6026350556674815,0.585382064045645
2025-09-30,fold_3,1,0.0017421673392008,0.42293464858199753,0.32471770928211613,0.5930746171485287,0.5699878117726991
2025-10-01,fold_3,0,-0.0041975895339159,0.42293464858199753,0.32306313655621105,0.5836151147828591,0.5628790256467232
2025-10-02,fold_3,0,-0.0127418741562926,0.42293464858199753,0.3234335131319982,0.5724264252549475,0.5586447040087718
2025-10-03,fold_3,1,0.0390028350564231,0.42293464858199753,0.3148806818679551,0.5543294510309351,0.5527431653734466
2025-10-06,fold_3,1,0.061821798419519,0.42293464858199753,0.2891171649365759,0.5156998041468652,0.49960320934861824
2025-10-07,fold_3,1,0.0549068147941445,0.42293464858199753,0.2958293996377961,0.5232614343774944,0.5070906395943651
2025-10-08,fold_3,1,0.0463674298538467,0.42293464858199753,0.2878818898804249,0.5190632522157096,0.5067010177484854
2025-10-09,fold_3,1,0.0699924667841569,0.42293464858199753,0.27609914093941584,0.47725252606343743,0.44290086819421803
2025-10-10,fold_3,1,0.0187693121227807,0.42293464858199753,0.2736630875112429,0.5420380345609581,0.48295057280219805
2025-10-13,fold_3,1,0.0299428981321554,0.42293464858199753,0.2990753791444368,0.5420380345609581,0.4691666257009102
2025-10-14,fold_3,1,0.0362693903100408,0.42293464858199753,0.2911177145079535,0.5511281744093878,0.5278079067677056
2025-10-15,fold_3,1,0.0459716296384276,0.42293464858199753,0.2968796407491513,0.5492488169151936,0.5087589102840947
2025-10-16,fold_3,1,0.0011598021012235,0.42293464858199753,0.28019161450505087,0.5639631977733304,0.5149087912939173
2025-10-17,fold_3,1,0.0060633381398167,0.42293464858199753,0.26742780652069004,0.5433082307014369,0.552686353069643
2025-10-20,fold_3,1,0.004614772182852,0.42293464858199753,0.27001477322800127,0.5242216518837256,0.46314542705132844
2025-10-21,fold_3,0,-0.0029544544102708,0.42293464858199753,0.25626596491357384,0.5216630811919357,0.44870959750890704
2025-10-22,fold_3,0,-0.0355687359931731,0.42293464858199753,0.25712674253142775,0.518852487380003,0.45614804817225385
2025-10-23,fold_3,0,-0.0301203815910275,0.42293464858199753,0.27235131494329523,0.5189108447805469,0.46644401958200077
2025-10-24,fold_3,0,-0.0401019481603326,0.42293464858199753,0.27288785722181724,0.5214802798179197,0.4714971628686744
2025-10-27,fold_3,0,-0.0569591121024316,0.42293464858199753,0.26446670816473444,0.5126215072632808,0.45944944933528997
2025-10-28,fold_3,0,-0.0572144422379736,0.42293464858199753,0.26100238556424904,0.4936466558882176,0.44260633341931477
2025-10-29,fold_3,0,-0.0617806228759802,0.42293464858199753,0.2798632117222445,0.48282814383900885,0.4387144406104295
2025-10-30,fold_3,0,-0.0198281584271594,0.42293464858199753,0.2927988884945334,0.4993331491651954,0.45923730476830804
2025-10-31,fold_3,0,-0.016421289641184,0.42293464858199753,0.31209030691283696,0.501814179838701,0.49155923278530445
2025-11-03,fold_3,0,-0.0099854134343428,0.42293464858199753,0.3028088301482424,0.5234998973270636,0.5159396896691821
2025-11-04,fold_3,0,-0.0031433242146781,0.42293464858199753,0.3001094878805257,0.5079244781590796,0.4986331172565849
2025-11-05,fold_3,1,0.0385578961604091,0.42293464858199753,0.3113256078139774,0.5333090488220571,0.5313763495186752
2025-11-06,fold_3,0,-0.0143797264954782,0.42293464858199753,0.32588262927541783,0.5512918732300569,0.5501891515743937
2025-11-07,fold_3,0,-0.024797300176525,0.42293464858199753,0.3130326685296655,0.5584488852348521,0.569434738610889
2025-11-10,fold_3,0,-0.0150062803809031,0.42293464858199753,0.3246052950600368,0.5208875128396335,0.5340009835089489
2025-11-11,fold_3,0,-0.0317729885959864,0.42293464858199753,0.3195584422199958,0.5208875128396335,0.5133816634624807
2025-11-12,fold_3,0,-0.0419478919485957,0.42293464858199753,0.3305852037272852,0.5259274088067476,0.472310176375186
2025-11-13,fold_3,0,-0.0064291783717658,0.42293464858199753,0.31708094470250675,0.5387150408244825,0.5975083262477775
2025-11-14,fold_3,1,0.0181267903410176,0.42293464858199753,0.31330138150772596,0.4926668797399119,0.4888608189866255
2025-11-17,fold_3,1,0.0272228481237535,0.42293464858199753,0.32935433801061625,0.4976298572951534,0.505686570519668
2025-11-18,fold_3,1,0.0373247331375101,0.42293464858199753,0.2939362650357047,0.5195577006083301,0.5365895915796378
2025-11-19,fold_3,1,0.0556114557735998,0.42293464858199753,0.312737529086804,0.505357233678394,0.5202459955108756
2025-11-20,fold_3,1,0.0278744797344669,0.42293464858199753,0.3103405356513644,0.5132790359124514,0.503554517706867
2025-11-21,fold_3,0,-0.0163203882236521,0.42293464858199753,0.31339241105859406,0.5181246584628745,0.515386190379165
2025-11-24,fold_3,0,-0.0308775554504947,0.42293464858199753,0.3157277856460098,0.5262101286411,0.5197491972936735
2025-11-25,fold_3,0,-0.0309103694811747,0.42293464858199753,0.31706513291181526,0.5287885715383815,0.5204030888675457
2025-11-26,fold_3,0,-0.0581645138665875,0.42293464858199753,0.31727196248667544,0.5308088182048453,0.5242857101669359
2025-11-28,fold_3,0,-0.057626972276457,0.42293464858199753,0.31852250545872407,0.515688568082681,0.5214279487848152
2025-12-01,fold_3,0,-0.0314228391687495,0.42293464858199753,0.32404270858602713,0.5315738527501525,0.5405266179698325
2025-12-02,fold_3,0,-0.0318616551644013,0.42293464858199753,0.32923056733080175,0.5302650008130596,0.5451181528086833
2025-12-03,fold_3,0,-0.0281585135568462,0.42293464858199753,0.3169394669476844,0.5304006216031245,0.5332936353263517
2025-12-04,fold_3,0,-0.015945294804098,0.42293464858199753,0.31342350553848236,0.5239819129741573,0.5373587664770637
2025-12-05,fold_3,0,-0.0308325121146969,0.42293464858199753,0.29815239826719375,0.5064542018720687,0.511919947367444
2025-12-08,fold_3,0,-0.0189461909293471,0.42293464858199753,0.3208051167208531,0.49893756438649917,0.51882228009967
2025-12-09,fold_3,0,-0.0041461982050705,0.42293464858199753,0.32372718841598885,0.4749996437586909,0.4958246888584374
2025-12-10,fold_3,0,-0.0174358372736656,0.42293464858199753,0.2974123717190166,0.5057516665366244,0.5115275617008403
2025-12-11,fold_3,0,-0.0015432015215658,0.42293464858199753,0.3236925460909615,0.4985746779927994,0.5247616491733559
2025-12-12,fold_3,1,0.0140509126838848,0.42293464858199753,0.3255783150660492,0.5202427705083968,0.5548443608421102
2025-12-15,fold_3,1,0.0082010309050881,0.42293464858199753,0.33744587677349286,0.517932810841249,0.5673597883353255
2025-12-16,fold_3,0,-0.0036121013819122,0.42293464858199753,0.3164214744949334,0.5161945496765453,0.5256883761845598
2025-12-17,fold_3,1,0.0156247829948827,0.42293464858199753,0.326931437975694,0.5174758816309722,0.5339411238684938
2025-12-18,fold_3,0,-0.0073646330236839,0.42293464858199753,0.31129262311293676,0.527732289628083,0.5283518710985556
2025-12-19,fold_3,1,0.0174834501724421,0.42293464858199753,0.3429778986718043,0.5378642478265858,0.5697695840483571
2025-12-22,fold_3,1,0.0148467278723445,0.42293464858199753,0.34144138049709066,0.5379668705184812,0.5585944837077658
2025-12-23,fold_3,0,-0.0134814016691398,0.42293464858199753,0.3135162315515904,0.526120224749565,0.5337629588237897
